time,tvlusd,tvleth,dai
2020-11-10 00:00:00,2156093533,,318747361.2923241
2020-11-09 01:00:00,2151240318,4757591.874737377,289003477.53003013
2020-11-08 01:00:00,2102558741,4822050.64101094,287617880.8455159
2020-11-07 01:00:00,2220667542,4876087.001010057,297908828.39171064
2020-11-06 01:00:00,2094719854,5069015.230858581,283566926.9889314
2020-11-05 01:00:00,2033198334,5092544.355666876,278863015.3548531
2020-11-04 01:00:00,2014216002,5229013.504672897,287043829.4862801
2020-11-03 01:00:00,2001638221,5216267.221744455,283186825.3704214
2020-11-02 01:00:00,2012945618,5121999.0279898215,277375658.77873755
2020-11-01 01:00:00,1979365420,5135473.159847443,269064646.3715673
2020-10-31 01:00:00,1962440438,5150897.498622011,271006167.56669134
2020-10-30 01:00:00,2014763438,5236007.791262766,273716673.51399976
2020-10-29 01:00:00,2033476974,5240514.841635956,301264236.07074344
2020-10-28 01:00:00,2110012143,5259252.599700897,323462909.453061
2020-10-27 01:00:00,2077829181,5283601.640136297,331538602.9774457
2020-10-26 01:00:00,2116839292,5212862.716706068,334440245.97683954
2020-10-25 02:00:00,2128177354,5199807.843041439,337562554.0474483
2020-10-24 02:00:00,2132229322,5221572.96926656,340971087.69406927
2020-10-23 02:00:00,2096399515,5079102.398546335,316015239.3463928
2020-10-22 02:00:00,2062949829,5302531.3687186735,302515090.622257
2020-10-21 02:00:00,1960003672,5341191.606714629,296591547.3561
2020-10-20 02:00:00,1972591032,5224299.570951851,287548559.15664357
2020-10-19 02:00:00,1959108669,5200713.217414388,293743569.88329756
2020-10-18 02:00:00,1937514585,5257413.467017611,292837868.50943995
2020-10-17 02:00:00,1928598277,5278624.581234946,291864691.926767
2020-10-16 02:00:00,1951465486,5221871.199593267,291330427.2670157
2020-10-15 02:00:00,1966279452,5212829.936373277,293273688.9130366
2020-10-14 02:00:00,1983843850,5221191.309611538,291219985.5074005
2020-10-13 02:00:00,1972657498,5130315.201165119,275213617.05403465
2020-10-12 02:00:00,1938471159,5189321.801632981,274170875.9103255
2020-10-11 02:00:00,1912504569,5168093.198400259,267777987.2648673
2020-10-10 02:00:00,1890049569,5177934.274834256,268247701.72870106
2020-10-09 02:00:00,1833516456,5221759.621792499,267108508.05104345
2020-10-08 02:00:00,1798535129,5270123.740733144,263505097.04100063
2020-10-07 02:00:00,1819366587,5328042.249685184,267381652.44168657
2020-10-06 02:00:00,1825904653,5183841.958379468,253211077.57087794
2020-10-05 02:00:00,1841154210,5218543.153538732,255489189.08416376
2020-10-04 02:00:00,1824414270,5252682.664900815,253425486.23252383
2020-10-03 02:00:00,1824978689,5260062.513330451,251573284.92172742
2020-10-02 02:00:00,1844746350,5206882.356261819,256668139.62912515
2020-10-01 02:00:00,1924414076,5327540.21372017,280214577.1341038
2020-09-30 02:00:00,1938817348,5381268.833439729,279170220.21259224
2020-09-29 02:00:00,1924622303,5418113.571870953,277883781.08346456
2020-09-28 02:00:00,1952477404,5452172.248750384,280143448.3217201
2020-09-27 02:00:00,1955466614,5490570.304646919,283589655.453469
2020-09-26 02:00:00,1937931153,5460960.782821879,287778043.05438155
2020-09-25 02:00:00,1915059015,5463480.015405683,284773595.612177
2020-09-24 02:00:00,1820623164,5586447.266032525,267191080.22088414
2020-09-23 02:00:00,1805555239,5211740.09640919,238932843.29173344
2020-09-22 02:00:00,1769564916,5170235.832408111,228855143.341523
2020-09-21 02:00:00,1804710240,4849025.310333709,208050319.89325693
2020-09-20 02:00:00,1790329371,4642127.650582104,179281843.78308845
2020-09-19 02:00:00,1680511887,4361906.940587121,160536747.27637923
2020-09-18 02:00:00,1597965976,4105876.2455355995,142445493.12005776
2020-09-17 02:00:00,1478608118,4046878.829679503,141990868.10767108
2020-09-16 02:00:00,1486139934,4070835.549346701,111100562.68563381
2020-09-15 02:00:00,1454540236,3844430.384564556,113217587.8926126
2020-09-14 02:00:00,1386654507,3754310.2937593064,139792976.6704046
2020-09-13 02:00:00,1441197229,3691307.606997413,137965199.2903684
2020-09-12 02:00:00,1385208445,3679661.163501129,132774580.09342878
2020-09-11 02:00:00,1362573839,3674587.629783447,135846085.96366423
2020-09-10 02:00:00,1291614205,3648833.8465450024,145298317.3273105
2020-09-09 02:00:00,1238171630,3655442.9322153986,129529990.6396785
2020-09-08 02:00:00,1292206553,3659605.07788162,140914230.76073304
2020-09-07 02:00:00,1287614423,3621370.2975587803,133506108.76672293
2020-09-06 02:00:00,1283826589,3799315.1697197477,144135677.34044832
2020-09-05 02:00:00,1418790675,3650937.1220503845,149154707.63130656
2020-09-04 02:00:00,1452413798,3743816.98156979,167173251.96871546
2020-09-03 02:00:00,1550099656,3516639.7967286007,166705825.09239686
2020-09-02 02:00:00,1599333502,3378754.625541354,175564602.57862532
2020-09-01 02:00:00,1487709647,3427665.477040758,188527131.87971282
2020-08-31 02:00:00,1475561772,3442426.6797312433,187213385.88425204
2020-08-30 02:00:00,1421459273,3540371.788293898,196404472.73251274
2020-08-29 02:00:00,1437448237,3621232.4902380654,204778087.075361
2020-08-28 02:00:00,1397841654,3636803.137683422,202710443.38097286
2020-08-27 02:00:00,1420711392,3655973.7313432833,212416456.2949773
2020-08-26 02:00:00,1408663986,3648632.371529217,206043385.81242836
2020-08-25 02:00:00,1450828811,3549515.1220824975,188318267.712403
2020-08-24 02:00:00,1420018732,3626937.913771966,215216136.67339283
2020-08-23 02:00:00,1435819926,3630942.5601861216,214105529.01708874
2020-08-22 02:00:00,1400516853,3606790.7622971926,211811603.98391196
2020-08-21 02:00:00,1468198563,3529153.797894332,211329946.81042647
2020-08-20 02:00:00,1418461405,3480459.833149307,197688836.9069319
2020-08-19 02:00:00,1469210595,3462587.7188847777,194628489.49062046
2020-08-18 02:00:00,1497795630,3475244.506833105,205682145.11104557
2020-08-17 02:00:00,1474444519,3443435.2016628133,201674715.66628882
2020-08-16 02:00:00,1474144037,3417116.4510894762,194860339.41150704
2020-08-15 02:00:00,1494288348,3430492.775316238,199750521.6222017
2020-08-14 02:00:00,1538341733,3651416.4087348683,245387229.99012628
2020-08-13 02:00:00,1441927394,3720238.8967723628,253447717.91234776
2020-08-12 02:00:00,1426861667,3759053.8674324253,252431020.25377333
2020-08-11 02:00:00,1460289069,3695250.4403056833,250005160.12350544
2020-08-10 02:00:00,1336326994,3428061.6540967626,211909369.74051592
2020-08-09 02:00:00,1344558755,3415446.325602662,212374812.1232922
2020-08-08 02:00:00,1307256320,3446133.600463964,211422007.40887278
2020-08-07 02:00:00,1324068513,3364593.5837166165,200217355.08994308
2020-08-06 02:00:00,1392096472,3487565.0666399435,215955177.35566583
2020-08-05 02:00:00,1353221553,3479881.5876771156,217795057.02952805
2020-08-04 02:00:00,1348999596,3489664.4747393746,217355345.821072
2020-08-03 02:00:00,1261187857,3394122.0114107328,173158797.77658632
2020-08-02 02:00:00,1281597669,3313077.240648347,151410897.7281198
2020-08-01 02:00:00,1211296789,3496108.722255895,170776533.97987515
2020-07-31 02:00:00,1105771124,3305249.2123748315,143408839.49011758
2020-07-30 02:00:00,1059575779,3326246.3632082874,153197723.20186204
2020-07-29 02:00:00,1025672381,3244669.2005947297,161798282.47444668
2020-07-28 02:00:00,1017144308,3173617.1856474257,149061102.72622925
2020-07-27 02:00:00,970293268,3130079.2541694893,138966732.14398852
2020-07-26 02:00:00,883340083,2927002.495112495,87913488.10353589
2020-07-25 02:00:00,814239320,2927759.951098486,46864451.93910159
2020-07-24 02:00:00,763846192,2783391.728309587,33217737.354251362
2020-07-23 02:00:00,689935311,2627224.0622977037,31741779.07465576
2020-07-22 02:00:00,643618841,2628732.400751511,38156264.76118396
2020-07-21 02:00:00,626437663,2647665.5240912936,45187976.18485023
2020-07-20 02:00:00,654713343,2749856.5374438236,65699753.60900759
2020-07-19 02:00:00,650402057,2753141.114967829,89201476.58900553
2020-07-18 02:00:00,642830395,2773091.734610241,95828537.68714792
2020-07-17 02:00:00,628506172,2677798.866686549,86662898.85182497
2020-07-16 02:00:00,632349508,2649139.1202346045,87238987.30558349
2020-07-15 02:00:00,633312320,2635287.6165113184,85175161.31327085
2020-07-14 02:00:00,634219541,2642251.1394409034,81272770.5550715
2020-07-13 02:00:00,630913414,2603852.3070573667,77290998.99744663
2020-07-12 02:00:00,645144596,2692590.1335559264,83907073.27528158
2020-07-11 02:00:00,626101680,2593412.6418689424,75223681.08778244
2020-07-10 02:00:00,621215341,2566475.2778351577,72124270.01652744
2020-07-09 02:00:00,628542855,2552354.6454966296,71280210.41314313
2020-07-08 02:00:00,605952037,2530916.535794838,65395701.3374249
2020-07-07 02:00:00,586506195,2436466.413260219,58200805.6110561
2020-07-06 02:00:00,555332862,2422918.2460732986,55814475.08663466
2020-07-05 02:00:00,557534467,2409813.5676002763,54034598.57181459
2020-07-04 02:00:00,526707604,2318867.676322973,47446330.676100686
2020-07-03 02:00:00,485686617,2135167.78915901,28319545.479479082
2020-07-02 02:00:00,491905599,2112452.112857511,32117338.608078737
2020-07-01 02:00:00,445874136,1963511.2559450413,17567142.531416103
2020-06-30 02:00:00,446823725,1959581.2867292343,16313517.805258358
2020-06-29 02:00:00,447027186,1974327.2944086213,16893684.023398913
2020-06-28 02:00:00,445088269,1996001.0269518811,18704885.532233104
2020-06-27 02:00:00,456274676,1974104.0799550037,19586892.4747893
2020-06-26 02:00:00,463060030,1972986.919471666,20036378.77564789
2020-06-25 02:00:00,460615597,1952174.6005509642,16912814.210539155
2020-06-24 02:00:00,471762095,1941327.9083165303,17895912.413347304
2020-06-23 02:00:00,469215786,1940030.5383279582,14813646.667081699
2020-06-22 02:00:00,437327152,1903325.7257257255,18022064.716408808
2020-06-21 02:00:00,478956217,2081603.7941674998,17803926.86835105
2020-06-20 02:00:00,498492186,2168771.7467913856,18110074.49758394
2020-06-19 02:00:00,495732665,2145378.7380447485,18101208.842660114
2020-06-18 02:00:00,492761689,2115038.5827109623,15147147.400301402
2020-06-17 02:00:00,491987998,2093833.2467974636,12205163.129267704
2020-06-16 02:00:00,480552605,2081395.551801802,10010582.588918686
2020-06-15 02:00:00,486875402,2092377.8503588466,9528572.58032778
2020-06-14 02:00:00,514600046,2166737.035789474,8764755.539736368
2020-06-13 02:00:00,519063002,2178648.4868835257,10467996.377561323
2020-06-12 02:00:00,502773710,2176886.517145826,9794361.481650602
2020-06-11 02:00:00,498181442,2028343.4795000202,10001784.357466077
2020-06-10 02:00:00,495092062,2029648.103964252,9882554.520140415
2020-06-09 02:00:00,532406239,2161967.997238691,9528636.041277211
2020-06-08 02:00:00,539514739,2213938.7705691657,19205324.562394857
2020-06-07 02:00:00,532949447,2210582.9648678917,19187761.960471574
2020-06-06 02:00:00,531353259,2212312.677991506,19531837.500362303
2020-06-05 02:00:00,536829474,2216929.4817262026,19321582.47267719
2020-06-04 02:00:00,536992001,2210935.4454874834,18963979.962949306
2020-06-03 02:00:00,515202147,2171832.674310766,8837988.030362621
2020-06-02 02:00:00,529706079,2169592.7872209707,10484272.846265607
2020-06-01 02:00:00,510769240,2205870.179226949,10158826.530810406
2020-05-31 02:00:00,530284638,2179371.354594772,11322457.764724962
2020-05-30 02:00:00,487255358,2219639.932580175,11484678.79884703
2020-05-29 02:00:00,483178173,2209521.5520395096,11688424.99476585
2020-05-28 02:00:00,460596388,2220169.613419454,11711970.645833345
2020-05-27 02:00:00,450645745,2218181.457964166,12062095.648703001
2020-05-26 02:00:00,458340358,2219350.9490606235,11558979.207856921
2020-05-25 02:00:00,456870949,2219759.7366631036,11611620.149893992
2020-05-24 02:00:00,466146521,2225149.272041625,11922828.63009454
2020-05-23 02:00:00,471249204,2250903.7256400455,14539757.795256149
2020-05-22 02:00:00,437949432,2178094.3551996816,12039810.834842127
2020-05-21 02:00:00,458023606,2177228.7208252125,11790774.694731107
2020-05-20 02:00:00,453800984,2123144.867596145,11752227.042202251
2020-05-19 02:00:00,453861822,2118968.308511135,10544953.041856607
2020-05-18 02:00:00,436893108,2115192.970225127,11209061.798121741
2020-05-17 02:00:00,424976043,2116309.162890294,11497940.473860191
2020-05-16 02:00:00,413474863,2119188.4731689813,11853253.398794737
2020-05-15 02:00:00,429386426,2116872.5399329523,11977677.090285672
2020-05-14 02:00:00,423672683,2116881.597881483,11948271.649824655
2020-05-13 02:00:00,422388560,2202119.5975183775,13996451.826713925
2020-05-12 02:00:00,422520162,2261400.995504175,14993961.719788296
2020-05-11 02:00:00,437671113,2323465.0581302755,14343274.053514114
2020-05-10 02:00:00,477401029,2280614.479529929,14697423.877546264
2020-05-09 02:00:00,480169493,2277843.894686907,14742877.568293396
2020-05-08 02:00:00,480969511,2278072.803486004,15035217.123684486
2020-05-07 02:00:00,454734880,2288204.4985658936,15513391.138694495
2020-05-06 02:00:00,469837803,2288765.6030787216,16297908.224469109
2020-05-05 02:00:00,470744111,2273467.164107022,15736277.192187278
2020-05-04 02:00:00,473162855,2248552.273915316,16467771.941537926
2020-05-03 02:00:00,476038099,2232195.906405327,16317591.831799328
2020-05-02 02:00:00,457232101,2149657.268453221,9174261.376148062
2020-05-01 02:00:00,447483328,2164159.829762538,9350092.848662203
2020-04-30 02:00:00,476885719,2220241.7198193586,9700201.371587068
2020-04-29 02:00:00,433923806,2211189.3905421933,9621572.433145339
2020-04-28 02:00:00,434123506,2213334.8934434587,9624052.387550108
2020-04-27 02:00:00,437940499,2228818.255381953,9779167.894802194
2020-04-26 02:00:00,436107370,2245198.5687808897,11898294.849130327
2020-04-25 02:00:00,420940483,2247173.1956011103,12066598.545224458
2020-04-24 02:00:00,408022425,2204811.547606182,12471871.37409859
2020-04-23 02:00:00,412056194,2240653.583469277,12518981.77707282
2020-04-22 02:00:00,388573563,2240133.535108959,12168076.377097243
2020-04-21 02:00:00,387637132,2234992.6891143913,11340487.988756256
2020-04-20 02:00:00,404791019,2221197.426470588,13980869.879764857
2020-04-19 02:00:00,408631844,2159445.352216879,14040202.834826231
2020-04-18 02:00:00,370939727,2148133.6981700254,14897944.019281752
2020-04-17 02:00:00,373525792,2152142.1525697163,15543095.596037611
2020-04-16 02:00:00,337194678,2156803.6203146987,16025004.709999306
2020-04-15 02:00:00,348587775,2160846.6092239027,16607652.65858871
2020-04-14 02:00:00,340936654,2165364.585582725,17062663.928808477
2020-04-13 02:00:00,345639851,2167564.599272545,17297213.90564664
2020-04-12 02:00:00,347011250,2171942.4798147334,17274577.581921123
2020-04-11 02:00:00,344027630,2173263.613392293,17390184.248054646
2020-04-10 02:00:00,365262208,2145572.1804511277,18683917.47018434
2020-04-09 02:00:00,370906051,2140007.2178629125,19097593.05172444
2020-04-08 02:00:00,362152315,2194064.673452078,20728696.778001435
2020-04-07 02:00:00,400207929,2332485.8899638653,27103033.796565164
2020-04-06 02:00:00,353340545,2456483.2105116798,28523931.229738265
2020-04-05 02:00:00,356553301,2460345.714877174,28266178.814506292
2020-04-04 02:00:00,348485231,2458796.52155507,27551712.500251945
2020-04-03 02:00:00,349949069,2466862.181023544,27087882.816601932
2020-04-02 02:00:00,338343484,2479251.732981608,27128596.97459218
2020-04-01 02:00:00,334254838,2485350.8662354075,27300923.684538055
2020-03-31 02:00:00,301928426,2271163.1262223558,3421536.1072490164
2020-03-30 02:00:00,312934181,2479079.3076130874,26837783.581637274
2020-03-29 01:00:00,324933317,2452882.290329886,27068911.161337383
2020-03-28 01:00:00,323643059,2431760.9061537306,27573696.891523596
2020-03-27 01:00:00,337386294,2405949.468729944,27999003.42515263
2020-03-26 01:00:00,320803420,2335323.7242483804,21877673.212359857
2020-03-25 01:00:00,334022322,2387579.14224446,29481666.185707644
2020-03-24 01:00:00,327909699,2385491.7721518986,29964355.299275868
2020-03-23 01:00:00,299261074,2412034.1258966713,28616693.205823507
2020-03-22 01:00:00,331331295,2480395.979937116,28840806.1312424
2020-03-21 01:00:00,320138942,2389453.2168980446,27614267.0893466
2020-03-20 01:00:00,326757584,2377110.315728212,28125886.07902886
2020-03-19 01:00:00,294250969,2456390.0909925704,29419619.394942697
2020-03-18 01:00:00,285391459,2446981.5570607907,30337996.271059304
2020-03-17 01:00:00,284731367,2537034.3669250645,32758556.806110706
2020-03-16 01:00:00,320091839,2538598.1362518836,39191303.558061354
2020-03-15 01:00:00,319072323,2571297.6307518734,41061783.119735576
2020-03-14 01:00:00,358187381,2634311.840847246,42272132.85231885
2020-03-13 01:00:00,310466785,2839981.5678741313,53979539.46272277
2020-03-12 01:00:00,505610307,2570202.8619357464,71216100.58504426
2020-03-11 01:00:00,522593801,2585689.9757557763,74571948.51796432
2020-03-10 01:00:00,528948671,2593648.4799450818,73444616.15233742
2020-03-09 01:00:00,500462507,2483684.8982630274,76643972.67071766
2020-03-08 01:00:00,584323979,2428611.7165419785,76817430.7151386
2020-03-07 01:00:00,595335117,2409288.211250506,76178461.4696505
2020-03-06 01:00:00,548691272,2385199.4087984697,75030850.34015562
2020-03-05 01:00:00,545346422,2396916.4117440223,74688286.62226751
2020-03-04 01:00:00,539340162,2388786.2609619983,73378177.14386584
2020-03-03 01:00:00,556523217,2375157.7696214416,71885464.09805949
2020-03-02 01:00:00,526676157,2381749.002849003,69748329.56276841
2020-03-01 01:00:00,538727140,2421027.9525435916,71227010.69198944
2020-02-29 01:00:00,552998084,2406536.768353714,71012810.75470416
2020-02-28 01:00:00,554721149,2410782.9161234247,71404519.01494145
2020-02-27 01:00:00,545357650,2421981.8359461743,74169156.07948053
2020-02-26 01:00:00,589347619,2372383.9425167055,76416119.29526927
2020-02-25 01:00:00,620932517,2323501.4107169583,71375217.21490449
2020-02-24 01:00:00,636023943,2309706.73275956,71159601.87055343
2020-02-23 01:00:00,611629976,2309170.4458791106,70628387.84781837
2020-02-22 01:00:00,615653759,2306942.552553678,70031835.1764389
2020-02-21 01:00:00,597333011,2309604.4967714497,70235363.06149964
2020-02-20 01:00:00,606663218,2335655.724955725,69797860.36572321
2020-02-19 01:00:00,726519526,2572661.211048159,70802072.08909015
2020-02-18 01:00:00,705157315,2634329.47922893,74159124.0634531
2020-02-17 01:00:00,694480352,2679425.718584822,73609306.7670482
2020-02-16 01:00:00,704586122,2660421.847152998,72554257.29002312
2020-02-15 01:00:00,764067133,2676429.637802998,71070606.06103851
2020-02-14 01:00:00,720216017,2685669.601372264,70085039.48287149
2020-02-13 01:00:00,713953340,2686661.172574697,66649161.41314778
2020-02-12 01:00:00,646402434,2726401.0881943568,64222605.4769982
2020-02-11 01:00:00,607800335,2729969.1654689186,63124992.11270343
2020-02-10 01:00:00,621801528,2724809.5004382124,62666529.48335121
2020-02-09 01:00:00,608769552,2730275.6065838453,61921928.56664716
2020-02-08 01:00:00,609702651,2735441.926510835,61232892.024436705
2020-02-07 01:00:00,583538078,2742061.359898501,57824889.75322335
2020-02-06 01:00:00,561711357,2757136.194963923,56298164.294401385
2020-02-05 01:00:00,526930338,2786664.2233856893,56019011.034168355
2020-02-04 01:00:00,520914635,2746715.713155813,50780985.44544042
2020-02-03 01:00:00,518343004,2751435.872392378,51433268.801664025
2020-02-02 01:00:00,515918954,2811700.6594364815,51210977.451884866
2020-02-01 01:00:00,505603495,2814067.4291757112,51100855.778109804
2020-01-31 01:00:00,517144907,2805081.9429377303,50410409.47095207
2020-01-30 01:00:00,490301771,2821718.295349908,49042472.769406065
2020-01-29 01:00:00,495627993,2822482.875854214,48294583.751521885
2020-01-28 01:00:00,474876519,2795035.426721601,45829827.258176595
2020-01-27 01:00:00,467517444,2779863.503389226,43229814.38081305
2020-01-26 01:00:00,449247074,2773986.2550169807,42138572.117840745
2020-01-25 01:00:00,451042695,2760359.2105263155,40744208.87195988
2020-01-24 01:00:00,448740781,2748289.9375306224,39142445.852357
2020-01-23 01:00:00,463312614,2738901.714353275,38888373.42204223
2020-01-22 01:00:00,462326434,2728072.425798076,38028794.12210986
2020-01-21 01:00:00,453437651,2712109.8809737423,36975995.02299338
2020-01-20 01:00:00,460030090,2749731.5600717273,43868042.22666958
2020-01-19 01:00:00,473402958,2713999.6445565554,42980902.37157162
2020-01-18 01:00:00,465773043,2742745.512896008,47817232.091779545
2020-01-17 01:00:00,449270053,2731955.323806628,43199524.08029085
2020-01-16 01:00:00,451437858,2715579.030317613,41727931.81053541
2020-01-15 01:00:00,449745213,2711758.896593307,42217317.3027588
2020-01-14 01:00:00,395397289,2739916.076501975,40761514.82294362
2020-01-13 01:00:00,400337561,2723570.045581332,39019522.17610554
2020-01-12 01:00:00,388427882,2716468.857962095,37956980.474830195
2020-01-11 01:00:00,393601686,2708889.7866483135,37305397.3990504
2020-01-10 01:00:00,374972123,2709336.1488439306,36082997.32583919
2020-01-09 01:00:00,381111407,2703109.490034754,35816850.508750774
2020-01-08 01:00:00,384314120,2683945.2475731545,35306172.36627315
2020-01-07 01:00:00,384347315,2655065.7294832827,32771914.73142515
2020-01-06 01:00:00,360987698,2644404.790857813,31261247.33157093
2020-01-05 01:00:00,357118382,2636727.569403426,30817002.447467003
2020-01-04 01:00:00,354542104,2627210.8484623935,30206361.986485586
2020-01-03 01:00:00,338353012,2627780.459770115,30307369.31832635
2020-01-02 01:00:00,347915325,2618858.2988332706,29894102.149039846
2020-01-01 01:00:00,341262108,2601281.4086439516,28810152.2392845
2019-12-31 01:00:00,342067850,2576976.420069308,28199223.803682767
2019-12-30 01:00:00,349960511,2572293.35538405,27936986.260493968
2019-12-29 01:00:00,333093720,2573145.770567787,27775686.27719594
2019-12-28 01:00:00,326453068,2562828.2932956507,28205060.909849294
2019-12-27 01:00:00,321483977,2544593.7707772674,26257125.532995757
2019-12-26 01:00:00,322899004,2558223.768024085,26149734.4826263
2019-12-25 01:00:00,327206295,2538253.7817081683,25284823.858879987
2019-12-24 01:00:00,327419348,2540892.037870557,25505399.027271517
2019-12-23 01:00:00,340047802,2556365.975041347,25224031.434717767
2019-12-22 01:00:00,331735523,2553776.1585835256,25196189.56437956
2019-12-21 01:00:00,331368303,2560014.701792336,25559792.054526206
2019-12-20 01:00:00,323586505,2506867.872637124,18526913.45354076
2019-12-19 01:00:00,326220628,2445431.9940029983,17490886.757051054
2019-12-18 01:00:00,299111677,2437152.0981015237,17082300.411584876
2019-12-17 01:00:00,321120781,2392495.760691402,18085550.909598093
2019-12-16 01:00:00,332147737,2306421.338795917,16913710.119523708
2019-12-15 01:00:00,330252927,2299010.978071702,16384681.489960479
2019-12-14 01:00:00,334460799,2294599.334522503,16160515.263063414
2019-12-13 01:00:00,334033909,2287590.117792083,15716607.476514816
2019-12-12 01:00:00,331166594,2284853.001241893,15839552.856463758
2019-12-11 01:00:00,333477608,2270099.441797141,14135923.898804411
2019-12-10 01:00:00,337866946,2282113.7858831473,13222670.759944465
2019-12-09 01:00:00,343456264,2257946.643876142,10953467.253703674
2019-12-08 01:00:00,334401761,2242801.8846411803,9518668.007911304
2019-12-07 01:00:00,328646938,2199925.9522056365,8986551.33069384
2019-12-06 01:00:00,325817110,2190661.6687958045,6249177.411500433
2019-12-05 01:00:00,317150384,2169439.6607155073,4119452.2961849803
2019-12-04 01:00:00,320956855,2163510.987529491,3865472.110910604
2019-12-03 01:00:00,324742171,2166681.151587937,3868929.2069435595
2019-12-02 01:00:00,324961322,2139874.371131305,3963571.21452158
2019-12-01 01:00:00,326797354,2135790.824129142,3486773.1427306174
2019-11-30 01:00:00,331490658,2131087.483124397,3536035.831136621
2019-11-29 01:00:00,325905495,2145950.4510436556,3611342.925069921
2019-11-28 01:00:00,328407603,2130303.6001556823,4184130.517756926
2019-11-27 01:00:00,316941439,2129267.309371851,3604589.5607313393
2019-11-26 01:00:00,313746489,2133749.245103373,3459339.45614369
2019-11-25 01:00:00,296176311,2088690.486600846,3347381.324322612
2019-11-24 01:00:00,320435118,2079937.1543554459,3211488.6843949007
2019-11-23 01:00:00,311380251,2060347.0588235294,1018796.7189042398
2019-11-22 01:00:00,319303907,1975401.5528334572,890649.3112747963
2019-11-21 01:00:00,339876787,1933755.046654529,731500.1221844025
2019-11-20 01:00:00,339763845,1920872.0318860244,506363.7080903562
2019-11-19 01:00:00,338143727,1886752.1872558866,362063.7913412441
2019-11-18 01:00:00,349806753,1879569.8941486217,0.0
2019-11-17 01:00:00,347349173,1881835.3721963374,0.0
2019-11-16 01:00:00,340619318,1882186.6497209482,
2019-11-15 01:00:00,349079622,1878185.849564188,
2019-11-14 01:00:00,356140721,1881554.9503381234,
2019-11-13 01:00:00,351790042,1872917.2230208167,
2019-11-12 01:00:00,345372464,1860041.2753123653,
2019-11-11 01:00:00,351279979,1845636.415699049,
2019-11-10 01:00:00,345660002,1847955.1029136593,
2019-11-09 01:00:00,340665398,1846024.6992521947,
2019-11-08 01:00:00,340922692,1816510.5072463767,
2019-11-07 01:00:00,350740126,1822405.310194326,
2019-11-06 01:00:00,341279769,1794037.580823214,
2019-11-05 01:00:00,329330633,1760373.2788112035,
2019-11-04 01:00:00,314872582,1709870.1167526473,
2019-11-03 01:00:00,315167181,1697001.8360973508,
2019-11-02 01:00:00,313347161,1695785.0470830176,
2019-11-01 01:00:00,310454837,1695085.105105105,
2019-10-31 01:00:00,315840057,1711684.6791675698,
2019-10-30 01:00:00,329545532,1720774.5391885543,
2019-10-29 01:00:00,311959835,1706843.7653881926,
2019-10-28 01:00:00,313043494,1695977.3214866181,
2019-10-27 02:00:00,304901455,1693050.4469987229,
2019-10-26 02:00:00,304213584,1668386.4429088517,
2019-10-25 02:00:00,269969899,1652303.684436012,
2019-10-24 02:00:00,269971798,1650194.3643031786,
2019-10-23 02:00:00,271143689,1564410.8527579044,
2019-10-22 02:00:00,275979446,1563445.7625198276,
2019-10-21 02:00:00,278425730,1563223.4574139575,
2019-10-20 02:00:00,274002301,1562602.2298260622,
2019-10-19 02:00:00,273311567,1562583.9974844207,
2019-10-18 02:00:00,281055307,1559252.743411928,
2019-10-17 02:00:00,277214616,1559049.637253248,
2019-10-16 02:00:00,284390431,1559756.655514726,
2019-10-15 02:00:00,295280625,1559196.456859225,
2019-10-14 02:00:00,288057310,1562302.3646816358,
2019-10-13 02:00:00,287303456,1560838.0290107026,
2019-10-12 02:00:00,284784357,1562345.6056616195,
2019-10-11 02:00:00,304750643,1573068.9258246014,
2019-10-10 02:00:00,304669379,1567471.2095487986,
2019-10-09 02:00:00,281481695,1542280.9435099447,
2019-10-08 02:00:00,279588809,1540264.4832525342,
2019-10-07 02:00:00,264622330,1531202.0020830922,
2019-10-06 02:00:00,276717696,1531026.3140422706,
2019-10-05 02:00:00,272794936,1536007.5225225226,
2019-10-04 02:00:00,270110120,1529242.5975202401,
2019-10-03 02:00:00,280771638,1536538.2695780662,
2019-10-02 02:00:00,271823242,1533298.9733754513,
2019-10-01 02:00:00,278850782,1531726.3499038725,
2019-09-30 02:00:00,263418302,1529012.6654283723,
2019-09-29 02:00:00,270122949,1528449.8896621966,
2019-09-28 02:00:00,269410548,1529959.3844057017,
2019-09-27 02:00:00,254985249,1525944.039497307,
2019-09-26 02:00:00,256671871,1498813.8452554746,
2019-09-25 02:00:00,251870168,1506851.139694885,
2019-09-24 02:00:00,307930635,1517049.1427726871,
2019-09-23 02:00:00,324266832,1520452.1592347727,
2019-09-22 02:00:00,330255737,1520234.4733934817,
2019-09-21 02:00:00,333703793,1520221.3703248145,
2019-09-20 02:00:00,337300821,1519646.8778158226,
2019-09-19 02:00:00,321637864,1520243.2480975564,
2019-09-18 02:00:00,318560794,1521157.4539203516,
2019-09-17 02:00:00,302362048,1515067.6354161447,
2019-09-16 02:00:00,290434284,1510711.490247074,
2019-09-15 02:00:00,275029846,1445775.356147821,
2019-09-14 02:00:00,262990558,1442308.643194033,
2019-09-13 02:00:00,262186903,1442568.9298486933,
2019-09-12 02:00:00,258559875,1441890.8933749723,
2019-09-11 02:00:00,260873552,1440733.1529242834,
2019-09-10 02:00:00,261395476,1439560.942835114,
2019-09-09 02:00:00,262301734,1435303.6060191519,
2019-09-08 02:00:00,256972337,1432398.75696767,
2019-09-07 02:00:00,243376067,1432045.1132686085,
2019-09-06 02:00:00,250080647,1430994.7756923782,
2019-09-05 02:00:00,251559950,1432165.9550241958,
2019-09-04 02:00:00,256713006,1431192.5405586218,
2019-09-03 02:00:00,255299470,1425696.4874071593,
2019-09-02 02:00:00,245085567,1424170.8815154862,
2019-09-01 02:00:00,248501051,1427838.720983682,
2019-08-31 02:00:00,242066075,1428877.1324006848,
2019-08-30 02:00:00,242789094,1430105.990457678,
2019-08-29 02:00:00,247618903,1423915.4859114434,
2019-08-28 02:00:00,265410910,1407866.061956291,
2019-08-27 02:00:00,263666400,1397278.2193958666,
2019-08-26 02:00:00,261947037,1396157.3233130795,
2019-08-25 02:00:00,267991387,1396370.2949145478,
2019-08-24 02:00:00,272844383,1395837.6374891289,
2019-08-23 02:00:00,267382446,1398663.2107548257,
2019-08-22 02:00:00,262471990,1399029.8491551622,
2019-08-21 02:00:00,275557789,1399338.7619337803,
2019-08-20 02:00:00,284362466,1399697.115573932,
2019-08-19 02:00:00,273494485,1399664.713408393,
2019-08-18 02:00:00,260554862,1399252.7898609096,
2019-08-17 02:00:00,260024532,1400013.6326926183,
2019-08-16 02:00:00,263992599,1398414.0216124589,
2019-08-15 02:00:00,253656259,1357321.591395548,
2019-08-14 02:00:00,281652497,1348652.063780885,
2019-08-13 02:00:00,282516009,1338177.3825312618,
2019-08-12 02:00:00,290133651,1336775.0230372283,
2019-08-11 02:00:00,275649750,1334542.4836601308,
2019-08-10 02:00:00,277688378,1318746.155672698,
2019-08-09 02:00:00,291644833,1314959.3444249064,
2019-08-08 02:00:00,297521485,1314605.3596677273,
2019-08-07 02:00:00,296545452,1311219.7205518216,
2019-08-06 02:00:00,315904268,1354707.6118186887,
2019-08-05 02:00:00,302655596,1358357.3268704277,
2019-08-04 02:00:00,301989146,1358414.5832396203,
2019-08-03 02:00:00,295921181,1358308.9185715597,
2019-08-02 02:00:00,296416945,1359773.1317950364,
2019-08-01 02:00:00,301566744,1379221.330894123,
2019-07-31 02:00:00,292020892,1387997.9656827797,
2019-07-30 02:00:00,292862178,1387380.633852859,
2019-07-29 02:00:00,291076759,1378073.8519079632,
2019-07-28 02:00:00,285206684,1375020.1716324366,
2019-07-27 02:00:00,302028789,1374670.1970779663,
2019-07-26 02:00:00,303790893,1383382.93715847,
2019-07-25 02:00:00,303761361,1400273.641266768,
2019-07-24 02:00:00,299136946,1408830.3395657702,
2019-07-23 02:00:00,318154409,1463586.3878921703,
2019-07-22 02:00:00,348654439,1547237.237063992,
2019-07-21 02:00:00,353040736,1541999.2836863946,
2019-07-20 02:00:00,342543086,1547238.2944125752,
2019-07-19 02:00:00,355708024,1575183.880967142,
2019-07-18 02:00:00,332958014,1574641.8254906598,
2019-07-17 02:00:00,306925671,1545368.667237299,
2019-07-16 02:00:00,343599053,1504967.1630677588,
2019-07-15 02:00:00,340556647,1504956.6794820805,
2019-07-14 02:00:00,404873544,1503987.9049034177,
2019-07-13 02:00:00,413792480,1506452.8906363768,
2019-07-12 02:00:00,407058995,1514525.4120623583,
2019-07-11 02:00:00,435236930,1508411.0695224232,
2019-07-10 02:00:00,465215066,1510880.0168880515,
2019-07-09 02:00:00,473719648,1514206.9618027809,
2019-07-08 02:00:00,462840780,1514035.9175662415,
2019-07-07 02:00:00,436233445,1513070.8091984321,
2019-07-06 02:00:00,436272687,1519214.0091235156,
2019-07-05 02:00:00,430478268,1518281.1977568513,
2019-07-04 02:00:00,459976932,1522749.4686662033,
2019-07-03 02:00:00,443010195,1518822.6652495887,
2019-07-02 02:00:00,445586978,1512309.862883519,
2019-07-01 02:00:00,436091572,1503142.0515648697,
2019-06-30 02:00:00,478360920,1501446.70433145,
2019-06-29 02:00:00,467660028,1503488.2751969136,
2019-06-28 02:00:00,447878992,1518028.0368763555,
2019-06-27 02:00:00,505436193,1515005.6741202564,
2019-06-26 02:00:00,492278239,1558286.344211959,
2019-06-25 02:00:00,496596445,1596516.4603761453,
2019-06-24 02:00:00,494477569,1603520.3456886208,
2019-06-23 02:00:00,503590366,1623280.6820745897,
2019-06-22 02:00:00,481008203,1625796.670722639,
2019-06-21 02:00:00,441867224,1626784.56667403,
2019-06-20 02:00:00,438410076,1632873.0157547768,
2019-06-19 02:00:00,432321448,1633620.9492140268,
2019-06-18 02:00:00,447238282,1636197.709811956,
2019-06-17 02:00:00,440008078,1641270.0138013356,
2019-06-16 02:00:00,438592003,1635073.0800775425,
2019-06-15 02:00:00,431638025,1639526.0568997608,
2019-06-14 02:00:00,417561940,1639233.4628822675,
2019-06-13 02:00:00,431780047,1645942.3131170664,
2019-06-12 02:00:00,402625986,1644713.995098039,
2019-06-11 02:00:00,406458426,1645580.6720647772,
2019-06-10 02:00:00,381551064,1647812.843878212,
2019-06-09 02:00:00,401254057,1646643.3724556796,
2019-06-08 02:00:00,410732538,1647411.1102197978,
2019-06-07 02:00:00,409754630,1647387.2472158566,
2019-06-06 02:00:00,405503657,1647518.209889083,
2019-06-05 02:00:00,397214320,1646688.9975955558,
2019-06-04 02:00:00,409850450,1636913.6911893922,
2019-06-03 02:00:00,441636307,1641587.5813106347,
2019-06-02 02:00:00,434179928,1641325.8534003706,
2019-06-01 02:00:00,439986575,1643396.6122586187,
2019-05-31 02:00:00,417024968,1636675.698587127,
2019-05-30 02:00:00,441581063,1640162.9201797717,
2019-05-29 02:00:00,445690230,1643582.3653058966,
2019-05-28 02:00:00,465286644,1714015.4866278642,
2019-05-27 02:00:00,469582697,1760187.0342604395,
2019-05-26 02:00:00,441256173,1760869.041063091,
2019-05-25 02:00:00,440331919,1766131.5538264078,
2019-05-24 02:00:00,431264212,1759185.0377320007,
2019-05-23 02:00:00,429151005,1760547.2801115853,
2019-05-22 02:00:00,450779531,1772977.5063913472,
2019-05-21 02:00:00,451326228,1790977.0952380951,
2019-05-20 02:00:00,469983782,1804506.74601651,
2019-05-19 02:00:00,422201615,1806055.5888266244,
2019-05-18 02:00:00,440177577,1806523.750307806,
2019-05-17 02:00:00,478626003,1809823.8032216593,
2019-05-16 02:00:00,478311023,1932491.7094258817,
2019-05-15 02:00:00,426465422,1967182.1670741271,
2019-05-14 02:00:00,384742019,1968392.6071830553,
2019-05-13 02:00:00,371850903,1976878.8038277512,
2019-05-12 02:00:00,375296223,1959055.2957143604,
2019-05-11 02:00:00,340948414,1969889.1495262305,
2019-05-10 02:00:00,340200871,1984604.3110488858,
2019-05-09 02:00:00,343356058,1994516.747022945,
2019-05-08 02:00:00,340329273,1995714.9651087786,
2019-05-07 02:00:00,348968518,1999704.9911179875,
2019-05-06 02:00:00,330787379,2014048.8248904042,
2019-05-05 02:00:00,334300116,2015312.973233663,
2019-05-04 02:00:00,342484909,2018178.6034177963,
2019-05-03 02:00:00,331918565,2029958.8098587242,
2019-05-02 02:00:00,329651059,2035511.3244828652,
2019-05-01 02:00:00,336852364,2037701.070715625,
2019-04-30 02:00:00,319474405,2042152.934032217,
2019-04-29 02:00:00,325034818,2042445.7584516779,
2019-04-28 02:00:00,327440630,2047015.6914228557,
2019-04-27 02:00:00,326483844,2063480.242700038,
2019-04-26 02:00:00,320492565,2078690.9132183162,
2019-04-25 02:00:00,346650581,2092289.8418638338,
2019-04-24 02:00:00,356782855,2096502.8499236102,
2019-04-23 02:00:00,359581512,2097908.471411902,
2019-04-22 02:00:00,357285849,2097979.148561362,
2019-04-21 02:00:00,365126340,2098909.7493676706,
2019-04-20 02:00:00,372258477,2137819.313156837,
2019-04-19 02:00:00,374262032,2143539.7021764033,
2019-04-18 02:00:00,361512368,2164485.4987426656,
2019-04-17 02:00:00,361305438,2164801.9053325346,
2019-04-16 02:00:00,347563743,2168208.0037429817,
2019-04-15 02:00:00,368582605,2185099.626511738,
2019-04-14 02:00:00,359246324,2183470.0297818026,
2019-04-13 02:00:00,360820063,2192635.2880408363,
2019-04-12 02:00:00,363516417,2199929.901960784,
2019-04-11 02:00:00,392823245,2214461.0462822034,
2019-04-10 02:00:00,387121662,2195812.036301758,
2019-04-09 02:00:00,398303961,2199845.1397326854,
2019-04-08 02:00:00,386616440,2202064.361793017,
2019-04-07 02:00:00,362320266,2178976.822227568,
2019-04-06 02:00:00,363449773,2184324.6168639944,
2019-04-05 02:00:00,342710509,2168093.3067628266,
2019-04-04 02:00:00,348377361,2161418.048144931,
2019-04-03 02:00:00,358725144,2175014.5152488933,
2019-04-02 02:00:00,308004920,2171342.4039478325,
2019-04-01 02:00:00,309137114,2170906.699438202,
2019-03-31 01:00:00,310971005,2170221.264568358,
2019-03-30 01:00:00,312511842,2164059.5665120143,
2019-03-29 01:00:00,300486021,2171298.6559722526,
2019-03-28 01:00:00,304906521,2174331.605219996,
2019-03-27 01:00:00,292283007,2176506.1210812423,
2019-03-26 01:00:00,291376989,2175104.4266945357,
2019-03-25 01:00:00,296402030,2176066.5883562146,
2019-03-24 01:00:00,300094283,2178701.0527080004,
2019-03-23 01:00:00,297942858,2178581.880666862,
2019-03-22 01:00:00,298190949,2198886.136715581,
2019-03-21 01:00:00,310038772,2211088.090144059,
2019-03-20 01:00:00,308770555,2214043.8476982648,
2019-03-19 01:00:00,306726515,2214631.8772563175,
2019-03-18 01:00:00,309127818,2212164.1477028765,
2019-03-17 01:00:00,308564102,2177894.565217391,
2019-03-16 01:00:00,300408403,2182724.718448013,
2019-03-15 01:00:00,288780286,2173077.6281134775,
2019-03-14 01:00:00,288534712,2170576.3334085606,
2019-03-13 01:00:00,291602328,2170144.5858450546,
2019-03-12 01:00:00,289360621,2166846.046128501,
2019-03-11 01:00:00,294906101,2162702.412731006,
2019-03-10 01:00:00,298742471,2161042.1802662034,
2019-03-09 01:00:00,291130979,2165830.8213063534,
2019-03-08 01:00:00,298372549,2167617.5009081,
2019-03-07 01:00:00,300234603,2167915.3946133293,
2019-03-06 01:00:00,297264208,2155181.671862539,
2019-03-05 01:00:00,272355791,2154202.2542118165,
2019-03-04 01:00:00,279231398,2128125.889794985,
2019-03-03 01:00:00,285378345,2132713.138031537,
2019-03-02 01:00:00,289584850,2126954.4619904514,
2019-03-01 01:00:00,287439574,2109029.0850392547,
2019-02-28 01:00:00,286020068,2104016.978078564,
2019-02-27 01:00:00,288116847,2101202.2097432907,
2019-02-26 01:00:00,291168045,2094432.779456193,
2019-02-25 01:00:00,277950650,2083275.7457652527,
2019-02-24 01:00:00,332429429,2084458.4211186357,
2019-02-23 01:00:00,309469884,2076421.658615137,
2019-02-22 01:00:00,302116100,2064198.5515168076,
2019-02-21 01:00:00,307826633,2062766.420960933,
2019-02-20 01:00:00,298303629,2065814.6052631577,
2019-02-19 01:00:00,301962641,2060756.4389544802,
2019-02-18 01:00:00,276763920,2061095.6210902592,
2019-02-17 01:00:00,253326835,2055223.3895829953,
2019-02-16 01:00:00,250355718,2051759.6951319457,
2019-02-15 01:00:00,247742415,2049999.2966487382,
2019-02-14 01:00:00,250577143,2048705.2816613524,
2019-02-13 01:00:00,250602692,2043567.5772649434,
2019-02-12 01:00:00,246357789,2040061.1874792976,
2019-02-11 01:00:00,257965003,2054188.5889472847,
2019-02-10 01:00:00,245956461,2058902.23505776,
2019-02-09 01:00:00,243419179,2037151.0502970961,
2019-02-08 01:00:00,213954531,2051337.7852348995,
2019-02-07 01:00:00,214018477,2048023.7033492823,
2019-02-06 01:00:00,216886585,2028304.357991209,
2019-02-05 01:00:00,216550306,2025727.8391019644,
2019-02-04 01:00:00,215913780,2013933.2151851507,
2019-02-03 01:00:00,223161354,2010462.6486486488,
2019-02-02 01:00:00,214341106,2002626.422498365,
2019-02-01 01:00:00,213828467,2000453.4287585367,
2019-01-31 01:00:00,217645907,1996018.9563462948,
2019-01-30 01:00:00,208365810,1989172.4105011933,
2019-01-29 01:00:00,210170626,1976030.7070327192,
2019-01-28 01:00:00,220499775,1964013.316112942,
2019-01-27 01:00:00,228282493,1962369.9217742628,
2019-01-26 01:00:00,227166658,1959684.7653554175,
2019-01-25 01:00:00,230422972,1957714.2905692437,
2019-01-24 01:00:00,227190196,1932382.3764565792,
2019-01-23 01:00:00,229482928,1926485.2921423775,
2019-01-22 01:00:00,225607279,1932893.0688827964,
2019-01-21 01:00:00,228053623,1925965.9065957267,
2019-01-20 01:00:00,236164412,1891585.1982378855,
2019-01-19 01:00:00,227385130,1885917.972961765,
2019-01-18 01:00:00,232591922,1879986.4371160686,
2019-01-17 01:00:00,232114410,1885269.7368421052,
2019-01-16 01:00:00,227494258,1876705.6426332288,
2019-01-15 01:00:00,242989347,1872894.612301526,
2019-01-14 01:00:00,213951626,1835549.2964996567,
2019-01-13 01:00:00,229265210,1822023.444329651,
2019-01-12 01:00:00,231176519,1817997.1610569363,
2019-01-11 01:00:00,232828607,1819542.0990934668,
2019-01-10 01:00:00,273991015,1812469.5045313225,
2019-01-09 01:00:00,273002991,1806770.2911978823,
2019-01-08 01:00:00,276372453,1817163.870076928,
2019-01-07 01:00:00,289405312,1824634.7140785572,
2019-01-06 01:00:00,285978041,1830493.7656019973,
2019-01-05 01:00:00,289343960,1854293.5144834658,
2019-01-04 01:00:00,278776160,1865472.1627408995,
2019-01-03 01:00:00,292359794,1867278.495241745,
2019-01-02 01:00:00,266423182,1867539.478480303,
2019-01-01 01:00:00,249290972,1867487.9916098583,
2018-12-31 01:00:00,263671316,1865642.9349748814,
2018-12-30 01:00:00,255940054,1864093.6198106336,
2018-12-29 01:00:00,257227764,1840891.4621054893,
2018-12-28 01:00:00,213967753,1833171.2902673064,
2018-12-27 01:00:00,242308681,1827227.8184149007,
2018-12-26 01:00:00,237516094,1813238.3693411709,
2018-12-25 01:00:00,253774938,1801483.1972740823,
2018-12-24 01:00:00,235435843,1789570.104895105,
2018-12-23 01:00:00,208518631,1761732.2659682324,
2018-12-22 01:00:00,187002950,1708725.7858187135,
2018-12-21 01:00:00,196249656,1685559.1857768616,
2018-12-20 01:00:00,168057718,1670055.8282818245,
2018-12-19 01:00:00,168567652,1645525.6930886372,
2018-12-18 01:00:00,156397696,1638701.7602682314,
2018-12-17 01:00:00,139932518,1638745.9655697388,
2018-12-16 01:00:00,138013163,1637749.6499347338,
2018-12-15 01:00:00,137295901,1636423.1346841478,
2018-12-14 01:00:00,141224608,1634733.2793147354,
2018-12-13 01:00:00,147988820,1634874.2819266461,
2018-12-12 01:00:00,143596158,1630847.9045996594,
2018-12-11 01:00:00,147252489,1623511.4553472986,
2018-12-10 01:00:00,152721106,1617465.6428722728,
2018-12-09 01:00:00,145692425,1593311.7344706913,
2018-12-08 01:00:00,147928505,1580263.9141117402,
2018-12-07 01:00:00,135178560,1494841.977219949,
2018-12-06 01:00:00,155530593,1531265.0684257164,
2018-12-05 01:00:00,167050432,1521129.411764706,
2018-12-04 01:00:00,163354005,1509322.7848101265,
2018-12-03 01:00:00,174087714,1501144.382167802,
2018-12-02 01:00:00,176351452,1488197.9071729959,
2018-12-01 01:00:00,167827770,1486912.111278462,
2018-11-30 01:00:00,174453797,1484965.9261150833,
2018-11-29 01:00:00,181518715,1477203.084309896,
2018-11-28 01:00:00,162269478,1472366.1918156247,
2018-11-27 01:00:00,154557309,1419389.3745982184,
2018-11-26 01:00:00,162330473,1391245.054850874,
2018-11-25 01:00:00,153038541,1357446.7003725388,
2018-11-24 01:00:00,165291961,1339806.7682580855,
2018-11-23 01:00:00,167515516,1341949.1788832813,
2018-11-22 01:00:00,179427443,1314486.761904762,
2018-11-21 01:00:00,167750337,1283083.5016062413,
2018-11-20 01:00:00,179255493,1209388.0245580894,
2018-11-19 01:00:00,200973716,1131927.4345254856,
2018-11-18 01:00:00,197174675,1131756.8304442659,
2018-11-17 01:00:00,196587570,1124385.5525051476,
2018-11-16 01:00:00,196771286,1083840.7380886807,
2018-11-15 01:00:00,187424063,1025744.6530210158,
2018-11-14 01:00:00,207404517,1004720.810928644,
2018-11-13 01:00:00,209490543,993741.0132346663,
2018-11-12 01:00:00,209931453,991645.9754369392,
2018-11-11 01:00:00,210108750,991546.7201510146,
2018-11-10 01:00:00,207113114,989126.0996227136,
2018-11-09 01:00:00,208458790,986600.3596952057,
2018-11-08 01:00:00,212354038,973922.3903870849,
2018-11-07 01:00:00,213764298,973647.4516055568,
2018-11-06 01:00:00,198595472,947045.6461611827,
2018-11-05 01:00:00,199727880,945188.9640812076,
2018-11-04 01:00:00,188300637,944004.7977139419,
2018-11-03 01:00:00,189602836,943203.8404138891,
2018-11-02 01:00:00,187145613,941707.9102299603,
2018-11-01 01:00:00,186039929,940307.95552186,
2018-10-31 01:00:00,184167159,938574.8598511874,
2018-10-30 01:00:00,183351615,937045.1014463127,
2018-10-29 01:00:00,189569112,930491.8863201296,
2018-10-28 02:00:00,188050120,927314.5618620248,
2018-10-27 02:00:00,188165603,925237.7587648128,
2018-10-26 02:00:00,185674033,922695.5871390946,
2018-10-25 02:00:00,186661713,919833.0113832356,
2018-10-24 02:00:00,186108059,913637.9921453118,
2018-10-23 02:00:00,179387580,881078.4872298625,
2018-10-22 02:00:00,179958897,878834.2872491087,
2018-10-21 02:00:00,180227101,878813.6385800663,
2018-10-20 02:00:00,178196645,878421.7933550231,
2018-10-19 02:00:00,177635861,877257.4497506049,
2018-10-18 02:00:00,181623951,874874.5231213873,
2018-10-17 02:00:00,183488574,872840.709732661,
2018-10-16 02:00:00,183822602,872023.7286527514,
2018-10-15 02:00:00,167676458,859923.3704292527,
2018-10-14 02:00:00,171247808,858600.1905239408,
2018-10-13 02:00:00,168185755,858221.947236822,
2018-10-12 02:00:00,160901961,847610.8149396828,
2018-10-11 02:00:00,186316170,827116.0880760011,
2018-10-10 02:00:00,187922644,826069.9107653083,
2018-10-09 02:00:00,189114514,824639.2273143504,
2018-10-08 02:00:00,185398053,821617.7841790384,
2018-10-07 02:00:00,183159357,815418.7383135962,
2018-10-06 02:00:00,185770695,815141.2681000439,
2018-10-05 02:00:00,179683009,810258.878968254,
2018-10-04 02:00:00,177350870,806250.2613992817,
2018-10-03 02:00:00,181062778,803224.1061130335,
2018-10-02 02:00:00,185157767,801895.9159809441,
2018-10-01 02:00:00,186439694,801546.4058469476,
2018-09-30 02:00:00,185600475,802353.7739927374,
2018-09-29 02:00:00,177718068,802121.6284527893,
2018-09-28 02:00:00,183680100,801781.3959579205,
2018-09-27 02:00:00,171672854,801423.1548480463,
2018-09-26 02:00:00,175222337,799371.9753649635,
2018-09-25 02:00:00,177646611,779425.2851877853,
2018-09-24 02:00:00,189848012,776315.7309343693,
2018-09-23 02:00:00,186564009,774831.834039372,
2018-09-22 02:00:00,191255653,772157.3458758933,
2018-09-21 02:00:00,173513138,771992.9613810286,
2018-09-20 02:00:00,161824283,771399.9570979121,
2018-09-19 02:00:00,160579966,770574.240606555,
2018-09-18 02:00:00,150831897,769393.475821261,
2018-09-17 02:00:00,165088892,749994.9663819735,
2018-09-16 02:00:00,165728437,747804.5167403664,
2018-09-15 02:00:00,155402514,744015.4833149806,
2018-09-14 02:00:00,156030338,738535.2298007288,
2018-09-13 02:00:00,134686022,735868.5570671475,
2018-09-12 02:00:00,131190148,708561.4258709154,
2018-09-11 02:00:00,131430479,666719.8244813067,
2018-09-10 02:00:00,123685759,631081.9888769835,
2018-09-09 02:00:00,116485958,591990.435533872,
2018-09-08 02:00:00,115873338,538595.0450869201,
2018-09-07 02:00:00,113124951,492790.3423941453,
2018-09-06 02:00:00,116527277,510480.03241775086,
2018-09-05 02:00:00,143796210,504141.25442625245,
2018-09-04 02:00:00,144948557,501604.16998304316,
2018-09-03 02:00:00,147905561,501340.79384448513,
2018-09-02 02:00:00,147874307,500657.8649783315,
2018-09-01 02:00:00,140765731,499789.5650630215,
2018-08-31 02:00:00,142082671,500026.99630476866,
2018-08-30 02:00:00,144287471,499835.35178577615,
2018-08-29 02:00:00,147658500,499605.8196582642,
2018-08-28 02:00:00,143706423,498945.9863898341,
2018-08-27 02:00:00,136310700,496940.2114473204,
2018-08-26 02:00:00,137828550,496572.0925205361,
2018-08-25 02:00:00,139707152,496524.6899100828,
2018-08-24 02:00:00,135650509,491790.2657433927,
2018-08-23 02:00:00,131694911,487109.4503624796,
2018-08-22 02:00:00,135535408,482109.37288798776,
2018-08-21 02:00:00,129506891,478308.801152312,
2018-08-20 02:00:00,142706094,476290.28102262865,
2018-08-19 02:00:00,139997011,474807.5665592674,
2018-08-18 02:00:00,150487943,473873.2972258085,
2018-08-17 02:00:00,135959221,474055.8612273361,
2018-08-16 02:00:00,133272442,473874.42042383726,
2018-08-15 02:00:00,130869238,470228.299378391,
2018-08-14 02:00:00,132090826,465059.41625884594,
2018-08-13 02:00:00,138778002,436120.80701423594,
2018-08-12 02:00:00,137330226,431869.63740998146,
2018-08-11 02:00:00,135403296,408382.48280854145,
2018-08-10 02:00:00,145849421,401225.33355340984,
2018-08-09 02:00:00,139214942,391526.1186264308,
2018-08-08 02:00:00,134952295,357073.3317457798,
2018-08-07 02:00:00,144790817,357552.3323867144,
2018-08-06 02:00:00,145637794,356274.26488575764,
2018-08-05 02:00:00,144702145,355612.1623946327,
2018-08-04 02:00:00,148211569,354895.76409175806,
2018-08-03 02:00:00,144849379,352577.41401552956,
2018-08-02 02:00:00,147599621,351536.477957463,
2018-08-01 02:00:00,151178453,349974.4264648008,
2018-07-31 02:00:00,158773828,347761.1442088663,
2018-07-30 02:00:00,161801107,347063.7215787216,
2018-07-29 02:00:00,162969261,347816.15836090065,
2018-07-28 02:00:00,163255853,347582.1350252294,
2018-07-27 02:00:00,160169035,346663.71231305326,
2018-07-26 02:00:00,163301661,346469.90643498185,
2018-07-25 02:00:00,165953627,346212.7654691868,
2018-07-24 02:00:00,155555596,345963.5611502791,
2018-07-23 02:00:00,158077425,345411.1766633891,
2018-07-22 02:00:00,159124675,345142.8834808259,
2018-07-21 02:00:00,154773419,344829.82577310404,
2018-07-20 02:00:00,160907126,343341.7817134322,
2018-07-19 02:00:00,163583853,341489.78769596893,
2018-07-18 02:00:00,169759133,340157.7625936761,
2018-07-17 02:00:00,162613946,339621.0313067814,
2018-07-16 02:00:00,152249103,338617.2834838308,
2018-07-15 02:00:00,146674885,338163.15073546366,
2018-07-14 02:00:00,145474137,336387.4971095593,
2018-07-13 02:00:00,144713809,335833.02545775217,
2018-07-12 02:00:00,149418285,335326.8363293611,
2018-07-11 02:00:00,144266138,333416.85271210334,
2018-07-10 02:00:00,155948321,330763.38550945953,
2018-07-09 02:00:00,160580465,330283.35630103457,
2018-07-08 02:00:00,159554704,328423.49841505085,
2018-07-07 02:00:00,153890385,327475.12395463156,
2018-07-06 02:00:00,153522009,328354.20596727624,
2018-07-05 02:00:00,152994670,327478.4777071427,
2018-07-04 02:00:00,151109510,327225.6003811256,
2018-07-03 02:00:00,155285884,325833.82433169667,
2018-07-02 02:00:00,146445036,324022.1170015046,
2018-07-01 02:00:00,146839093,323854.9943759511,
2018-06-30 02:00:00,140414716,322599.6324036208,
2018-06-29 02:00:00,110810164,263394.7325885429,
2018-06-28 02:00:00,111603544,252639.6015846067,
2018-06-27 02:00:00,107156285,249264.4281095164,
2018-06-26 02:00:00,113807394,248049.0704213073,
2018-06-25 02:00:00,112778067,247727.76935749588,
2018-06-24 02:00:00,109479709,230882.17343624783,
2018-06-23 02:00:00,106858260,231214.86065431885,
2018-06-22 02:00:00,120773730,229721.40221402215,
2018-06-21 02:00:00,122773906,228987.4403163235,
2018-06-20 02:00:00,122428299,227371.7132509982,
2018-06-19 02:00:00,117361025,226727.63363792672,
2018-06-18 02:00:00,112436745,226303.729570888,
2018-06-17 02:00:00,112593063,226445.16109569205,
2018-06-16 02:00:00,110318369,226289.44842157085,
2018-06-15 02:00:00,117338718,225725.17553815668,
2018-06-14 02:00:00,107104462,224867.65064035272,
2018-06-13 02:00:00,109509152,221440.86708591998,
2018-06-12 02:00:00,115584700,217612.16228937212,
2018-06-11 02:00:00,113484801,216272.75170087474,
2018-06-10 02:00:00,128117095,215921.6229881183,
2018-06-09 02:00:00,129525456,216037.78834125595,
2018-06-08 02:00:00,130336433,215631.71365230624,
2018-06-07 02:00:00,130443831,215147.33795150917,
2018-06-06 02:00:00,130137438,213971.45346925352,
2018-06-05 02:00:00,126308158,213607.3430180447,
2018-06-04 02:00:00,131911828,213094.40253299518,
2018-06-03 02:00:00,125701924,212862.89265574992,
2018-06-02 02:00:00,122725201,211956.9627467574,
2018-06-01 02:00:00,122353528,211966.68225837187,
2018-05-31 02:00:00,116927883,209879.16965824238,
2018-05-30 02:00:00,118710852,209477.4166225516,
2018-05-29 02:00:00,101555507,198338.978184872,
2018-05-28 02:00:00,109359124,191979.36240432554,
2018-05-27 02:00:00,110594941,188805.89490576345,
2018-05-26 02:00:00,109781754,187734.92826239378,
2018-05-25 02:00:00,112389532,186489.11824245844,
2018-05-24 02:00:00,106793110,185080.17192076394,
2018-05-23 02:00:00,121859574,190072.95670077365,
2018-05-22 02:00:00,130876406,187843.79314799132,
2018-05-21 02:00:00,133981533,187347.455778508,
2018-05-20 02:00:00,130427089,187381.78148121544,
2018-05-19 02:00:00,129461462,186659.54698155916,
2018-05-18 02:00:00,124461623,186205.5070989363,
2018-05-17 02:00:00,130959734,185309.01501323032,
2018-05-16 02:00:00,130540565,184995.98237061393,
2018-05-15 02:00:00,134202962,184494.24946041434,
2018-05-14 02:00:00,134393483,184267.25944004167,
2018-05-13 02:00:00,125493564,183566.73687905917,
2018-05-12 02:00:00,123245281,181831.33815284746,
2018-05-11 02:00:00,130456345,180280.45409947072,
2018-05-10 02:00:00,134359487,178843.14161353442,
2018-05-09 02:00:00,132981696,177832.942403616,
2018-05-08 02:00:00,131407543,174653.49486303647,
2018-05-07 02:00:00,136946199,173264.0835536887,
2018-05-06 02:00:00,140987452,172653.9046522735,
2018-05-05 02:00:00,135688800,173030.51556383018,
2018-05-04 02:00:00,134329607,172709.0012599964,
2018-05-03 02:00:00,119568477,174110.25570084748,
2018-05-02 02:00:00,116718211,173995.93178396267,
2018-05-01 02:00:00,117070334,174721.41066205004,
2018-04-30 02:00:00,122075199,177097.6759368064,
2018-04-29 02:00:00,120779492,176831.55983719364,
2018-04-28 02:00:00,113112968,175881.5897499689,
2018-04-27 02:00:00,110401997,166919.15302157513,
2018-04-26 02:00:00,102248528,165552.48858521422,
2018-04-25 02:00:00,113612617,161519.21666192779,
2018-04-24 02:00:00,104270107,161877.42691692672,
2018-04-23 02:00:00,101516839,163386.34702975873,
2018-04-22 02:00:00,99075555,163715.24530297273,
2018-04-21 02:00:00,100636891,163061.8646402126,
2018-04-20 02:00:00,92131363,162417.5636844425,
2018-04-19 02:00:00,85105842,161865.87926509188,
2018-04-18 02:00:00,79851246,158740.52442200267,
2018-04-17 02:00:00,80768224,157852.1781617058,
2018-04-16 02:00:00,83572112,156455.20443312867,
2018-04-15 02:00:00,78503607,156135.97525806003,
2018-04-14 02:00:00,77154044,155879.35186681754,
2018-04-13 02:00:00,75788629,153433.80706549247,
2018-04-12 02:00:00,62964438,146296.23829549944,
2018-04-11 02:00:00,59709438,143653.16492241068,
2018-04-10 02:00:00,56577256,141790.52679063706,
2018-04-09 02:00:00,55980569,139699.9625673787,
2018-04-08 02:00:00,53318482,138496.75827315703,
2018-04-07 02:00:00,51370854,138708.9347914135,
2018-04-06 02:00:00,52570548,137824.8905434811,
2018-04-05 02:00:00,51684598,136497.02363660373,
2018-04-04 02:00:00,56060688,134783.94922222488,
2018-04-03 02:00:00,51728100,134470.4689612145,
2018-04-02 02:00:00,49408695,130417.56631912365,
2018-04-01 02:00:00,50014192,126917.02489405435,
2018-03-31 02:00:00,50857961,129136.83822969302,
2018-03-30 02:00:00,44415394,115677.13824356704,
2018-03-29 02:00:00,47381630,106253.51512569237,
2018-03-28 02:00:00,46763513,104201.41940371675,
2018-03-27 02:00:00,49153918,101110.62245443699,
2018-03-26 02:00:00,51903960,99248.44637359695,
2018-03-25 01:00:00,51533602,99070.69227367977,
2018-03-24 01:00:00,53821634,98965.93483377463,
2018-03-23 01:00:00,53242672,98617.62951712386,
2018-03-22 01:00:00,54819546,97907.7816077584,
2018-03-21 01:00:00,54184958,97180.54773391681,
2018-03-20 01:00:00,53549182,96389.49149491495,
2018-03-19 01:00:00,49646854,92386.86590494621,
2018-03-18 01:00:00,52580308,95637.07597446298,
2018-03-17 01:00:00,56639904,94316.52706775682,
2018-03-16 01:00:00,56241897,92100.18177054335,
2018-03-15 01:00:00,53955302,87996.90450950012,
2018-03-14 01:00:00,57724978,83664.23850658009,
2018-03-13 01:00:00,58347958,83712.99569583932,
2018-03-12 01:00:00,59920266,83179.84646778739,
2018-03-11 01:00:00,56012185,82093.19214421809,
2018-03-10 01:00:00,59413054,81750.58341130496,
2018-03-09 01:00:00,56995058,81557.82951504657,
2018-03-08 01:00:00,62164474,82761.2716839961,
2018-03-07 01:00:00,65697637,80546.35811929137,
2018-03-06 01:00:00,68355730,80459.20877620442,
2018-03-05 01:00:00,69634555,80509.8217176155,
2018-03-04 01:00:00,68631561,80209.85332787939,
2018-03-03 01:00:00,68568645,80141.00631136044,
2018-03-02 01:00:00,68913354,79225.32189828013,
2018-03-01 01:00:00,67861854,79696.83382266588,
2018-02-28 01:00:00,68499277,78591.16901295334,
2018-02-27 01:00:00,67804094,78149.52859546806,
2018-02-26 01:00:00,62911668,74869.88622840006,
2018-02-25 01:00:00,60925577,73096.95017336741,
2018-02-24 01:00:00,62316468,72910.34047034047,
2018-02-23 01:00:00,57727468,71745.89925553995,
2018-02-22 01:00:00,60337310,71813.88733500756,
2018-02-21 01:00:00,63315672,71501.12024573132,
2018-02-20 01:00:00,67097585,71396.35982506731,
2018-02-19 01:00:00,65413835,71576.57840026262,
2018-02-18 01:00:00,69573571,71373.61353331008,
2018-02-17 01:00:00,67580212,72053.27959740703,
2018-02-16 01:00:00,66744082,71926.37749878765,
2018-02-15 01:00:00,60356395,65596.9340622317,
2018-02-14 01:00:00,54141957,64378.83565797453,
2018-02-13 01:00:00,54751778,63276.3706545858,
2018-02-12 01:00:00,50810778,62638.87717741041,
2018-02-11 01:00:00,52493275,61684.94929435128,
2018-02-10 01:00:00,53485173,60940.65241665338,
2018-02-09 01:00:00,43446862,53404.04646303239,
2018-02-08 01:00:00,40003708,53206.325645731915,
2018-02-07 01:00:00,41310648,52614.305364511696,
2018-02-06 01:00:00,34472007,49596.44198259118,
2018-02-05 01:00:00,35787994,43309.042282837574,
2018-02-04 01:00:00,40362907,41573.95634842976,
2018-02-03 01:00:00,37483666,40855.467753714016,
2018-02-02 01:00:00,39840808,38824.00725011937,
2018-02-01 01:00:00,42563260,38300.7675764202,
2018-01-31 01:00:00,40799294,38353.491826240635,
2018-01-30 01:00:00,44334427,37894.615963211785,
2018-01-29 01:00:00,45743460,37142.395478941515,
2018-01-28 01:00:00,41189194,37138.163162260615,
2018-01-27 01:00:00,38940603,37136.511281924126,
2018-01-26 01:00:00,38795638,37076.405095711845,
2018-01-25 01:00:00,39966586,37647.14537353643,
2018-01-24 01:00:00,36899711,37481.4226799935,
2018-01-23 01:00:00,37032274,37041.5343835959,
2018-01-22 01:00:00,38511645,36709.572105348445,
2018-01-21 01:00:00,41833858,36361.45849630595,
2018-01-20 01:00:00,37567835,36214.84826868204,
2018-01-19 01:00:00,36785883,36314.87901912199,
2018-01-18 01:00:00,37226983,36322.551468435944,
2018-01-17 01:00:00,33626966,32017.753699084038,
2018-01-16 01:00:00,41437425,32405.900523969656,
2018-01-15 01:00:00,44042660,32399.07899189336,
2018-01-14 01:00:00,44832533,32369.59249685925,
2018-01-13 01:00:00,40605219,32199.2760058998,
2018-01-12 01:00:00,38007531,33359.838324614684,
2018-01-11 01:00:00,41691798,33381.2115680246,
2018-01-10 01:00:00,43666194,33869.71704259874,
2018-01-09 01:00:00,38346735,33752.6603937999,
2018-01-08 01:00:00,37440773,33496.55379109819,
2018-01-07 01:00:00,33570675,33356.85754314842,
2018-01-06 01:00:00,31303741,32367.66618758595,
2018-01-05 01:00:00,30806805,32605.65921911878,
2018-01-04 01:00:00,27178901,28882.99787460149,
2018-01-03 01:00:00,23440218,27193.77472533847,
2018-01-02 01:00:00,20294331,26838.318103072063,
2018-01-01 01:00:00,19831931,26760.489279304806,
2017-12-31 01:00:00,18353968,26485.184490396685,
2017-12-30 01:00:00,19503672,26370.56787452677,
2017-12-29 01:00:00,18837350,26283.818666369,
2017-12-28 01:00:00,19482374,26330.02311029422,
2017-12-27 01:00:00,17761816,23574.293905287745,
2017-12-26 01:00:00,17246500,23849.46206820256,
2017-12-25 01:00:00,16046106,23734.034433794815,
2017-12-24 01:00:00,14470177,20658.695962537833,
2017-12-23 01:00:00,12387117,18830.84325261094,
2017-12-22 01:00:00,12349795,15644.732008259542,
2017-12-21 01:00:00,11334684,14183.069935057623,
2017-12-20 01:00:00,5070350,6240.430769230769,
2017-12-19 01:00:00,1906982,2425.6611165523996,
2017-12-18 01:00:00,0,0.0,
