"Date(UTC)","UnixTimeStamp","No. of Verified Contracts"
"2015-07-30","1438214400","0"
"2015-07-31","1438300800","0"
"2015-08-01","1438387200","0"
"2015-08-02","1438473600","0"
"2015-08-03","1438560000","0"
"2015-08-04","1438646400","0"
"2015-08-05","1438732800","0"
"2015-08-06","1438819200","0"
"2015-08-07","1438905600","0"
"2015-08-08","1438992000","0"
"2015-08-09","1439078400","0"
"2015-08-10","1439164800","0"
"2015-08-11","1439251200","0"
"2015-08-12","1439337600","0"
"2015-08-13","1439424000","0"
"2015-08-14","1439510400","0"
"2015-08-15","1439596800","0"
"2015-08-16","1439683200","0"
"2015-08-17","1439769600","0"
"2015-08-18","1439856000","0"
"2015-08-19","1439942400","0"
"2015-08-20","1440028800","0"
"2015-08-21","1440115200","0"
"2015-08-22","1440201600","0"
"2015-08-23","1440288000","0"
"2015-08-24","1440374400","0"
"2015-08-25","1440460800","0"
"2015-08-26","1440547200","0"
"2015-08-27","1440633600","0"
"2015-08-28","1440720000","0"
"2015-08-29","1440806400","0"
"2015-08-30","1440892800","0"
"2015-08-31","1440979200","0"
"2015-09-01","1441065600","0"
"2015-09-02","1441152000","0"
"2015-09-03","1441238400","0"
"2015-09-04","1441324800","0"
"2015-09-05","1441411200","0"
"2015-09-06","1441497600","0"
"2015-09-07","1441584000","0"
"2015-09-08","1441670400","0"
"2015-09-09","1441756800","0"
"2015-09-10","1441843200","0"
"2015-09-11","1441929600","0"
"2015-09-12","1442016000","0"
"2015-09-13","1442102400","0"
"2015-09-14","1442188800","0"
"2015-09-15","1442275200","0"
"2015-09-16","1442361600","0"
"2015-09-17","1442448000","0"
"2015-09-18","1442534400","0"
"2015-09-19","1442620800","0"
"2015-09-20","1442707200","0"
"2015-09-21","1442793600","0"
"2015-09-22","1442880000","0"
"2015-09-23","1442966400","0"
"2015-09-24","1443052800","0"
"2015-09-25","1443139200","0"
"2015-09-26","1443225600","0"
"2015-09-27","1443312000","0"
"2015-09-28","1443398400","0"
"2015-09-29","1443484800","0"
"2015-09-30","1443571200","0"
"2015-10-01","1443657600","0"
"2015-10-02","1443744000","0"
"2015-10-03","1443830400","0"
"2015-10-04","1443916800","0"
"2015-10-05","1444003200","0"
"2015-10-06","1444089600","0"
"2015-10-07","1444176000","0"
"2015-10-08","1444262400","0"
"2015-10-09","1444348800","0"
"2015-10-10","1444435200","0"
"2015-10-11","1444521600","0"
"2015-10-12","1444608000","0"
"2015-10-13","1444694400","0"
"2015-10-14","1444780800","0"
"2015-10-15","1444867200","0"
"2015-10-16","1444953600","0"
"2015-10-17","1445040000","0"
"2015-10-18","1445126400","0"
"2015-10-19","1445212800","0"
"2015-10-20","1445299200","0"
"2015-10-21","1445385600","0"
"2015-10-22","1445472000","0"
"2015-10-23","1445558400","0"
"2015-10-24","1445644800","0"
"2015-10-25","1445731200","0"
"2015-10-26","1445817600","0"
"2015-10-27","1445904000","0"
"2015-10-28","1445990400","0"
"2015-10-29","1446076800","0"
"2015-10-30","1446163200","0"
"2015-10-31","1446249600","0"
"2015-11-01","1446336000","0"
"2015-11-02","1446422400","0"
"2015-11-03","1446508800","0"
"2015-11-04","1446595200","0"
"2015-11-05","1446681600","0"
"2015-11-06","1446768000","0"
"2015-11-07","1446854400","0"
"2015-11-08","1446940800","0"
"2015-11-09","1447027200","0"
"2015-11-10","1447113600","0"
"2015-11-11","1447200000","0"
"2015-11-12","1447286400","0"
"2015-11-13","1447372800","0"
"2015-11-14","1447459200","0"
"2015-11-15","1447545600","0"
"2015-11-16","1447632000","0"
"2015-11-17","1447718400","0"
"2015-11-18","1447804800","0"
"2015-11-19","1447891200","0"
"2015-11-20","1447977600","0"
"2015-11-21","1448064000","0"
"2015-11-22","1448150400","0"
"2015-11-23","1448236800","0"
"2015-11-24","1448323200","0"
"2015-11-25","1448409600","0"
"2015-11-26","1448496000","0"
"2015-11-27","1448582400","0"
"2015-11-28","1448668800","0"
"2015-11-29","1448755200","0"
"2015-11-30","1448841600","0"
"2015-12-01","1448928000","0"
"2015-12-02","1449014400","0"
"2015-12-03","1449100800","0"
"2015-12-04","1449187200","0"
"2015-12-05","1449273600","0"
"2015-12-06","1449360000","0"
"2015-12-07","1449446400","0"
"2015-12-08","1449532800","0"
"2015-12-09","1449619200","0"
"2015-12-10","1449705600","0"
"2015-12-11","1449792000","0"
"2015-12-12","1449878400","0"
"2015-12-13","1449964800","0"
"2015-12-14","1450051200","0"
"2015-12-15","1450137600","0"
"2015-12-16","1450224000","0"
"2015-12-17","1450310400","0"
"2015-12-18","1450396800","0"
"2015-12-19","1450483200","0"
"2015-12-20","1450569600","0"
"2015-12-21","1450656000","0"
"2015-12-22","1450742400","0"
"2015-12-23","1450828800","0"
"2015-12-24","1450915200","0"
"2015-12-25","1451001600","0"
"2015-12-26","1451088000","0"
"2015-12-27","1451174400","0"
"2015-12-28","1451260800","0"
"2015-12-29","1451347200","0"
"2015-12-30","1451433600","0"
"2015-12-31","1451520000","0"
"2016-01-01","1451606400","0"
"2016-01-02","1451692800","0"
"2016-01-03","1451779200","0"
"2016-01-04","1451865600","0"
"2016-01-05","1451952000","0"
"2016-01-06","1452038400","0"
"2016-01-07","1452124800","0"
"2016-01-08","1452211200","0"
"2016-01-09","1452297600","0"
"2016-01-10","1452384000","0"
"2016-01-11","1452470400","0"
"2016-01-12","1452556800","0"
"2016-01-13","1452643200","0"
"2016-01-14","1452729600","0"
"2016-01-15","1452816000","0"
"2016-01-16","1452902400","0"
"2016-01-17","1452988800","0"
"2016-01-18","1453075200","0"
"2016-01-19","1453161600","0"
"2016-01-20","1453248000","0"
"2016-01-21","1453334400","0"
"2016-01-22","1453420800","0"
"2016-01-23","1453507200","0"
"2016-01-24","1453593600","0"
"2016-01-25","1453680000","0"
"2016-01-26","1453766400","0"
"2016-01-27","1453852800","0"
"2016-01-28","1453939200","0"
"2016-01-29","1454025600","0"
"2016-01-30","1454112000","0"
"2016-01-31","1454198400","0"
"2016-02-01","1454284800","0"
"2016-02-02","1454371200","0"
"2016-02-03","1454457600","0"
"2016-02-04","1454544000","0"
"2016-02-05","1454630400","0"
"2016-02-06","1454716800","0"
"2016-02-07","1454803200","0"
"2016-02-08","1454889600","0"
"2016-02-09","1454976000","0"
"2016-02-10","1455062400","0"
"2016-02-11","1455148800","0"
"2016-02-12","1455235200","0"
"2016-02-13","1455321600","0"
"2016-02-14","1455408000","0"
"2016-02-15","1455494400","0"
"2016-02-16","1455580800","0"
"2016-02-17","1455667200","0"
"2016-02-18","1455753600","0"
"2016-02-19","1455840000","0"
"2016-02-20","1455926400","0"
"2016-02-21","1456012800","0"
"2016-02-22","1456099200","0"
"2016-02-23","1456185600","0"
"2016-02-24","1456272000","0"
"2016-02-25","1456358400","0"
"2016-02-26","1456444800","0"
"2016-02-27","1456531200","0"
"2016-02-28","1456617600","0"
"2016-02-29","1456704000","0"
"2016-03-01","1456790400","0"
"2016-03-02","1456876800","0"
"2016-03-03","1456963200","0"
"2016-03-04","1457049600","0"
"2016-03-05","1457136000","0"
"2016-03-06","1457222400","0"
"2016-03-07","1457308800","0"
"2016-03-08","1457395200","0"
"2016-03-09","1457481600","0"
"2016-03-10","1457568000","0"
"2016-03-11","1457654400","0"
"2016-03-12","1457740800","0"
"2016-03-13","1457827200","0"
"2016-03-14","1457913600","0"
"2016-03-15","1458000000","0"
"2016-03-16","1458086400","0"
"2016-03-17","1458172800","0"
"2016-03-18","1458259200","0"
"2016-03-19","1458345600","0"
"2016-03-20","1458432000","0"
"2016-03-21","1458518400","0"
"2016-03-22","1458604800","0"
"2016-03-23","1458691200","0"
"2016-03-24","1458777600","12"
"2016-03-25","1458864000","2"
"2016-03-26","1458950400","5"
"2016-03-27","1459036800","1"
"2016-03-28","1459123200","1"
"2016-03-29","1459209600","4"
"2016-03-30","1459296000","5"
"2016-03-31","1459382400","8"
"2016-04-01","1459468800","3"
"2016-04-02","1459555200","2"
"2016-04-03","1459641600","2"
"2016-04-04","1459728000","11"
"2016-04-05","1459814400","14"
"2016-04-06","1459900800","18"
"2016-04-07","1459987200","9"
"2016-04-08","1460073600","9"
"2016-04-09","1460160000","11"
"2016-04-10","1460246400","5"
"2016-04-11","1460332800","9"
"2016-04-12","1460419200","6"
"2016-04-13","1460505600","3"
"2016-04-14","1460592000","12"
"2016-04-15","1460678400","1"
"2016-04-16","1460764800","1"
"2016-04-17","1460851200","1"
"2016-04-18","1460937600","3"
"2016-04-19","1461024000","0"
"2016-04-20","1461110400","4"
"2016-04-21","1461196800","3"
"2016-04-22","1461283200","2"
"2016-04-23","1461369600","2"
"2016-04-24","1461456000","5"
"2016-04-25","1461542400","2"
"2016-04-26","1461628800","2"
"2016-04-27","1461715200","1"
"2016-04-28","1461801600","8"
"2016-04-29","1461888000","0"
"2016-04-30","1461974400","1"
"2016-05-01","1462060800","1"
"2016-05-02","1462147200","3"
"2016-05-03","1462233600","0"
"2016-05-04","1462320000","0"
"2016-05-05","1462406400","3"
"2016-05-06","1462492800","1"
"2016-05-07","1462579200","6"
"2016-05-08","1462665600","6"
"2016-05-09","1462752000","6"
"2016-05-10","1462838400","2"
"2016-05-11","1462924800","1"
"2016-05-12","1463011200","0"
"2016-05-13","1463097600","1"
"2016-05-14","1463184000","2"
"2016-05-15","1463270400","1"
"2016-05-16","1463356800","3"
"2016-05-17","1463443200","1"
"2016-05-18","1463529600","3"
"2016-05-19","1463616000","0"
"2016-05-20","1463702400","3"
"2016-05-21","1463788800","0"
"2016-05-22","1463875200","0"
"2016-05-23","1463961600","0"
"2016-05-24","1464048000","2"
"2016-05-25","1464134400","3"
"2016-05-26","1464220800","4"
"2016-05-27","1464307200","1"
"2016-05-28","1464393600","1"
"2016-05-29","1464480000","1"
"2016-05-30","1464566400","1"
"2016-05-31","1464652800","3"
"2016-06-01","1464739200","5"
"2016-06-02","1464825600","2"
"2016-06-03","1464912000","2"
"2016-06-04","1464998400","0"
"2016-06-05","1465084800","1"
"2016-06-06","1465171200","2"
"2016-06-07","1465257600","2"
"2016-06-08","1465344000","2"
"2016-06-09","1465430400","1"
"2016-06-10","1465516800","1"
"2016-06-11","1465603200","2"
"2016-06-12","1465689600","1"
"2016-06-13","1465776000","1"
"2016-06-14","1465862400","5"
"2016-06-15","1465948800","1"
"2016-06-16","1466035200","3"
"2016-06-17","1466121600","3"
"2016-06-18","1466208000","3"
"2016-06-19","1466294400","1"
"2016-06-20","1466380800","1"
"2016-06-21","1466467200","2"
"2016-06-22","1466553600","0"
"2016-06-23","1466640000","1"
"2016-06-24","1466726400","0"
"2016-06-25","1466812800","0"
"2016-06-26","1466899200","0"
"2016-06-27","1466985600","1"
"2016-06-28","1467072000","6"
"2016-06-29","1467158400","2"
"2016-06-30","1467244800","3"
"2016-07-01","1467331200","1"
"2016-07-02","1467417600","1"
"2016-07-03","1467504000","0"
"2016-07-04","1467590400","3"
"2016-07-05","1467676800","2"
"2016-07-06","1467763200","6"
"2016-07-07","1467849600","1"
"2016-07-08","1467936000","4"
"2016-07-09","1468022400","2"
"2016-07-10","1468108800","0"
"2016-07-11","1468195200","1"
"2016-07-12","1468281600","1"
"2016-07-13","1468368000","6"
"2016-07-14","1468454400","11"
"2016-07-15","1468540800","4"
"2016-07-16","1468627200","1"
"2016-07-17","1468713600","4"
"2016-07-18","1468800000","3"
"2016-07-19","1468886400","2"
"2016-07-20","1468972800","4"
"2016-07-21","1469059200","4"
"2016-07-22","1469145600","3"
"2016-07-23","1469232000","0"
"2016-07-24","1469318400","3"
"2016-07-25","1469404800","6"
"2016-07-26","1469491200","2"
"2016-07-27","1469577600","3"
"2016-07-28","1469664000","3"
"2016-07-29","1469750400","2"
"2016-07-30","1469836800","6"
"2016-07-31","1469923200","1"
"2016-08-01","1470009600","3"
"2016-08-02","1470096000","1"
"2016-08-03","1470182400","0"
"2016-08-04","1470268800","36"
"2016-08-05","1470355200","7"
"2016-08-06","1470441600","25"
"2016-08-07","1470528000","0"
"2016-08-08","1470614400","5"
"2016-08-09","1470700800","3"
"2016-08-10","1470787200","7"
"2016-08-11","1470873600","4"
"2016-08-12","1470960000","1"
"2016-08-13","1471046400","0"
"2016-08-14","1471132800","0"
"2016-08-15","1471219200","3"
"2016-08-16","1471305600","3"
"2016-08-17","1471392000","1"
"2016-08-18","1471478400","2"
"2016-08-19","1471564800","6"
"2016-08-20","1471651200","1"
"2016-08-21","1471737600","1"
"2016-08-22","1471824000","3"
"2016-08-23","1471910400","1"
"2016-08-24","1471996800","5"
"2016-08-25","1472083200","10"
"2016-08-26","1472169600","4"
"2016-08-27","1472256000","0"
"2016-08-28","1472342400","0"
"2016-08-29","1472428800","0"
"2016-08-30","1472515200","2"
"2016-08-31","1472601600","4"
"2016-09-01","1472688000","0"
"2016-09-02","1472774400","1"
"2016-09-03","1472860800","0"
"2016-09-04","1472947200","4"
"2016-09-05","1473033600","2"
"2016-09-06","1473120000","1"
"2016-09-07","1473206400","1"
"2016-09-08","1473292800","4"
"2016-09-09","1473379200","1"
"2016-09-10","1473465600","2"
"2016-09-11","1473552000","0"
"2016-09-12","1473638400","0"
"2016-09-13","1473724800","1"
"2016-09-14","1473811200","2"
"2016-09-15","1473897600","24"
"2016-09-16","1473984000","6"
"2016-09-17","1474070400","1"
"2016-09-18","1474156800","2"
"2016-09-19","1474243200","1"
"2016-09-20","1474329600","7"
"2016-09-21","1474416000","2"
"2016-09-22","1474502400","3"
"2016-09-23","1474588800","0"
"2016-09-24","1474675200","1"
"2016-09-25","1474761600","0"
"2016-09-26","1474848000","0"
"2016-09-27","1474934400","0"
"2016-09-28","1475020800","1"
"2016-09-29","1475107200","1"
"2016-09-30","1475193600","3"
"2016-10-01","1475280000","2"
"2016-10-02","1475366400","2"
"2016-10-03","1475452800","1"
"2016-10-04","1475539200","1"
"2016-10-05","1475625600","2"
"2016-10-06","1475712000","1"
"2016-10-07","1475798400","3"
"2016-10-08","1475884800","0"
"2016-10-09","1475971200","1"
"2016-10-10","1476057600","0"
"2016-10-11","1476144000","0"
"2016-10-12","1476230400","2"
"2016-10-13","1476316800","1"
"2016-10-14","1476403200","0"
"2016-10-15","1476489600","0"
"2016-10-16","1476576000","0"
"2016-10-17","1476662400","0"
"2016-10-18","1476748800","1"
"2016-10-19","1476835200","15"
"2016-10-20","1476921600","4"
"2016-10-21","1477008000","0"
"2016-10-22","1477094400","0"
"2016-10-23","1477180800","0"
"2016-10-24","1477267200","2"
"2016-10-25","1477353600","5"
"2016-10-26","1477440000","1"
"2016-10-27","1477526400","1"
"2016-10-28","1477612800","2"
"2016-10-29","1477699200","2"
"2016-10-30","1477785600","0"
"2016-10-31","1477872000","4"
"2016-11-01","1477958400","4"
"2016-11-02","1478044800","2"
"2016-11-03","1478131200","1"
"2016-11-04","1478217600","3"
"2016-11-05","1478304000","0"
"2016-11-06","1478390400","3"
"2016-11-07","1478476800","5"
"2016-11-08","1478563200","6"
"2016-11-09","1478649600","4"
"2016-11-10","1478736000","2"
"2016-11-11","1478822400","2"
"2016-11-12","1478908800","5"
"2016-11-13","1478995200","1"
"2016-11-14","1479081600","5"
"2016-11-15","1479168000","0"
"2016-11-16","1479254400","4"
"2016-11-17","1479340800","3"
"2016-11-18","1479427200","2"
"2016-11-19","1479513600","2"
"2016-11-20","1479600000","1"
"2016-11-21","1479686400","1"
"2016-11-22","1479772800","2"
"2016-11-23","1479859200","1"
"2016-11-24","1479945600","8"
"2016-11-25","1480032000","4"
"2016-11-26","1480118400","1"
"2016-11-27","1480204800","1"
"2016-11-28","1480291200","2"
"2016-11-29","1480377600","4"
"2016-11-30","1480464000","4"
"2016-12-01","1480550400","1"
"2016-12-02","1480636800","1"
"2016-12-03","1480723200","0"
"2016-12-04","1480809600","0"
"2016-12-05","1480896000","2"
"2016-12-06","1480982400","5"
"2016-12-07","1481068800","2"
"2016-12-08","1481155200","2"
"2016-12-09","1481241600","1"
"2016-12-10","1481328000","0"
"2016-12-11","1481414400","17"
"2016-12-12","1481500800","13"
"2016-12-13","1481587200","3"
"2016-12-14","1481673600","0"
"2016-12-15","1481760000","8"
"2016-12-16","1481846400","0"
"2016-12-17","1481932800","0"
"2016-12-18","1482019200","0"
"2016-12-19","1482105600","2"
"2016-12-20","1482192000","1"
"2016-12-21","1482278400","1"
"2016-12-22","1482364800","2"
"2016-12-23","1482451200","0"
"2016-12-24","1482537600","0"
"2016-12-25","1482624000","0"
"2016-12-26","1482710400","0"
"2016-12-27","1482796800","5"
"2016-12-28","1482883200","0"
"2016-12-29","1482969600","0"
"2016-12-30","1483056000","2"
"2016-12-31","1483142400","4"
"2017-01-01","1483228800","2"
"2017-01-02","1483315200","2"
"2017-01-03","1483401600","9"
"2017-01-04","1483488000","10"
"2017-01-05","1483574400","0"
"2017-01-06","1483660800","0"
"2017-01-07","1483747200","0"
"2017-01-08","1483833600","0"
"2017-01-09","1483920000","3"
"2017-01-10","1484006400","7"
"2017-01-11","1484092800","1"
"2017-01-12","1484179200","2"
"2017-01-13","1484265600","2"
"2017-01-14","1484352000","0"
"2017-01-15","1484438400","4"
"2017-01-16","1484524800","5"
"2017-01-17","1484611200","8"
"2017-01-18","1484697600","0"
"2017-01-19","1484784000","3"
"2017-01-20","1484870400","9"
"2017-01-21","1484956800","0"
"2017-01-22","1485043200","10"
"2017-01-23","1485129600","4"
"2017-01-24","1485216000","10"
"2017-01-25","1485302400","4"
"2017-01-26","1485388800","4"
"2017-01-27","1485475200","2"
"2017-01-28","1485561600","4"
"2017-01-29","1485648000","0"
"2017-01-30","1485734400","1"
"2017-01-31","1485820800","2"
"2017-02-01","1485907200","0"
"2017-02-02","1485993600","3"
"2017-02-03","1486080000","9"
"2017-02-04","1486166400","1"
"2017-02-05","1486252800","12"
"2017-02-06","1486339200","1"
"2017-02-07","1486425600","14"
"2017-02-08","1486512000","10"
"2017-02-09","1486598400","7"
"2017-02-10","1486684800","2"
"2017-02-11","1486771200","4"
"2017-02-12","1486857600","2"
"2017-02-13","1486944000","8"
"2017-02-14","1487030400","6"
"2017-02-15","1487116800","5"
"2017-02-16","1487203200","3"
"2017-02-17","1487289600","2"
"2017-02-18","1487376000","1"
"2017-02-19","1487462400","0"
"2017-02-20","1487548800","2"
"2017-02-21","1487635200","2"
"2017-02-22","1487721600","10"
"2017-02-23","1487808000","7"
"2017-02-24","1487894400","4"
"2017-02-25","1487980800","3"
"2017-02-26","1488067200","0"
"2017-02-27","1488153600","3"
"2017-02-28","1488240000","5"
"2017-03-01","1488326400","2"
"2017-03-02","1488412800","2"
"2017-03-03","1488499200","6"
"2017-03-04","1488585600","1"
"2017-03-05","1488672000","0"
"2017-03-06","1488758400","0"
"2017-03-07","1488844800","10"
"2017-03-08","1488931200","4"
"2017-03-09","1489017600","1"
"2017-03-10","1489104000","4"
"2017-03-11","1489190400","8"
"2017-03-12","1489276800","2"
"2017-03-13","1489363200","6"
"2017-03-14","1489449600","5"
"2017-03-15","1489536000","6"
"2017-03-16","1489622400","0"
"2017-03-17","1489708800","2"
"2017-03-18","1489795200","3"
"2017-03-19","1489881600","2"
"2017-03-20","1489968000","2"
"2017-03-21","1490054400","6"
"2017-03-22","1490140800","2"
"2017-03-23","1490227200","5"
"2017-03-24","1490313600","5"
"2017-03-25","1490400000","3"
"2017-03-26","1490486400","3"
"2017-03-27","1490572800","2"
"2017-03-28","1490659200","12"
"2017-03-29","1490745600","2"
"2017-03-30","1490832000","10"
"2017-03-31","1490918400","4"
"2017-04-01","1491004800","4"
"2017-04-02","1491091200","4"
"2017-04-03","1491177600","2"
"2017-04-04","1491264000","6"
"2017-04-05","1491350400","12"
"2017-04-06","1491436800","15"
"2017-04-07","1491523200","9"
"2017-04-08","1491609600","5"
"2017-04-09","1491696000","9"
"2017-04-10","1491782400","4"
"2017-04-11","1491868800","3"
"2017-04-12","1491955200","5"
"2017-04-13","1492041600","16"
"2017-04-14","1492128000","14"
"2017-04-15","1492214400","2"
"2017-04-16","1492300800","0"
"2017-04-17","1492387200","6"
"2017-04-18","1492473600","28"
"2017-04-19","1492560000","5"
"2017-04-20","1492646400","4"
"2017-04-21","1492732800","3"
"2017-04-22","1492819200","5"
"2017-04-23","1492905600","5"
"2017-04-24","1492992000","13"
"2017-04-25","1493078400","3"
"2017-04-26","1493164800","1"
"2017-04-27","1493251200","1"
"2017-04-28","1493337600","5"
"2017-04-29","1493424000","4"
"2017-04-30","1493510400","5"
"2017-05-01","1493596800","2"
"2017-05-02","1493683200","4"
"2017-05-03","1493769600","8"
"2017-05-04","1493856000","5"
"2017-05-05","1493942400","2"
"2017-05-06","1494028800","1"
"2017-05-07","1494115200","3"
"2017-05-08","1494201600","7"
"2017-05-09","1494288000","5"
"2017-05-10","1494374400","11"
"2017-05-11","1494460800","10"
"2017-05-12","1494547200","15"
"2017-05-13","1494633600","2"
"2017-05-14","1494720000","3"
"2017-05-15","1494806400","11"
"2017-05-16","1494892800","18"
"2017-05-17","1494979200","42"
"2017-05-18","1495065600","7"
"2017-05-19","1495152000","10"
"2017-05-20","1495238400","2"
"2017-05-21","1495324800","1"
"2017-05-22","1495411200","5"
"2017-05-23","1495497600","12"
"2017-05-24","1495584000","5"
"2017-05-25","1495670400","9"
"2017-05-26","1495756800","12"
"2017-05-27","1495843200","7"
"2017-05-28","1495929600","5"
"2017-05-29","1496016000","19"
"2017-05-30","1496102400","14"
"2017-05-31","1496188800","13"
"2017-06-01","1496275200","8"
"2017-06-02","1496361600","11"
"2017-06-03","1496448000","4"
"2017-06-04","1496534400","7"
"2017-06-05","1496620800","3"
"2017-06-06","1496707200","8"
"2017-06-07","1496793600","7"
"2017-06-08","1496880000","8"
"2017-06-09","1496966400","10"
"2017-06-10","1497052800","10"
"2017-06-11","1497139200","8"
"2017-06-12","1497225600","22"
"2017-06-13","1497312000","14"
"2017-06-14","1497398400","20"
"2017-06-15","1497484800","9"
"2017-06-16","1497571200","13"
"2017-06-17","1497657600","7"
"2017-06-18","1497744000","0"
"2017-06-19","1497830400","32"
"2017-06-20","1497916800","7"
"2017-06-21","1498003200","18"
"2017-06-22","1498089600","17"
"2017-06-23","1498176000","19"
"2017-06-24","1498262400","8"
"2017-06-25","1498348800","11"
"2017-06-26","1498435200","14"
"2017-06-27","1498521600","16"
"2017-06-28","1498608000","19"
"2017-06-29","1498694400","20"
"2017-06-30","1498780800","9"
"2017-07-01","1498867200","12"
"2017-07-02","1498953600","14"
"2017-07-03","1499040000","37"
"2017-07-04","1499126400","30"
"2017-07-05","1499212800","8"
"2017-07-06","1499299200","29"
"2017-07-07","1499385600","10"
"2017-07-08","1499472000","7"
"2017-07-09","1499558400","32"
"2017-07-10","1499644800","18"
"2017-07-11","1499731200","31"
"2017-07-12","1499817600","29"
"2017-07-13","1499904000","13"
"2017-07-14","1499990400","17"
"2017-07-15","1500076800","17"
"2017-07-16","1500163200","14"
"2017-07-17","1500249600","28"
"2017-07-18","1500336000","36"
"2017-07-19","1500422400","19"
"2017-07-20","1500508800","26"
"2017-07-21","1500595200","19"
"2017-07-22","1500681600","25"
"2017-07-23","1500768000","30"
"2017-07-24","1500854400","33"
"2017-07-25","1500940800","43"
"2017-07-26","1501027200","25"
"2017-07-27","1501113600","18"
"2017-07-28","1501200000","30"
"2017-07-29","1501286400","23"
"2017-07-30","1501372800","11"
"2017-07-31","1501459200","18"
"2017-08-01","1501545600","34"
"2017-08-02","1501632000","15"
"2017-08-03","1501718400","24"
"2017-08-04","1501804800","12"
"2017-08-05","1501891200","17"
"2017-08-06","1501977600","23"
"2017-08-07","1502064000","33"
"2017-08-08","1502150400","31"
"2017-08-09","1502236800","36"
"2017-08-10","1502323200","33"
"2017-08-11","1502409600","31"
"2017-08-12","1502496000","24"
"2017-08-13","1502582400","17"
"2017-08-14","1502668800","31"
"2017-08-15","1502755200","39"
"2017-08-16","1502841600","25"
"2017-08-17","1502928000","27"
"2017-08-18","1503014400","20"
"2017-08-19","1503100800","13"
"2017-08-20","1503187200","32"
"2017-08-21","1503273600","29"
"2017-08-22","1503360000","31"
"2017-08-23","1503446400","33"
"2017-08-24","1503532800","37"
"2017-08-25","1503619200","47"
"2017-08-26","1503705600","30"
"2017-08-27","1503792000","41"
"2017-08-28","1503878400","53"
"2017-08-29","1503964800","28"
"2017-08-30","1504051200","39"
"2017-08-31","1504137600","62"
"2017-09-01","1504224000","44"
"2017-09-02","1504310400","32"
"2017-09-03","1504396800","28"
"2017-09-04","1504483200","23"
"2017-09-05","1504569600","27"
"2017-09-06","1504656000","34"
"2017-09-07","1504742400","38"
"2017-09-08","1504828800","44"
"2017-09-09","1504915200","41"
"2017-09-10","1505001600","37"
"2017-09-11","1505088000","27"
"2017-09-12","1505174400","40"
"2017-09-13","1505260800","38"
"2017-09-14","1505347200","47"
"2017-09-15","1505433600","39"
"2017-09-16","1505520000","34"
"2017-09-17","1505606400","30"
"2017-09-18","1505692800","43"
"2017-09-19","1505779200","54"
"2017-09-20","1505865600","41"
"2017-09-21","1505952000","43"
"2017-09-22","1506038400","28"
"2017-09-23","1506124800","21"
"2017-09-24","1506211200","27"
"2017-09-25","1506297600","37"
"2017-09-26","1506384000","26"
"2017-09-27","1506470400","44"
"2017-09-28","1506556800","46"
"2017-09-29","1506643200","59"
"2017-09-30","1506729600","36"
"2017-10-01","1506816000","2"
"2017-10-02","1506902400","43"
"2017-10-03","1506988800","61"
"2017-10-04","1507075200","31"
"2017-10-05","1507161600","37"
"2017-10-06","1507248000","41"
"2017-10-07","1507334400","34"
"2017-10-08","1507420800","38"
"2017-10-09","1507507200","39"
"2017-10-10","1507593600","42"
"2017-10-11","1507680000","54"
"2017-10-12","1507766400","33"
"2017-10-13","1507852800","58"
"2017-10-14","1507939200","37"
"2017-10-15","1508025600","38"
"2017-10-16","1508112000","36"
"2017-10-17","1508198400","53"
"2017-10-18","1508284800","39"
"2017-10-19","1508371200","61"
"2017-10-20","1508457600","50"
"2017-10-21","1508544000","46"
"2017-10-22","1508630400","32"
"2017-10-23","1508716800","70"
"2017-10-24","1508803200","49"
"2017-10-25","1508889600","52"
"2017-10-26","1508976000","60"
"2017-10-27","1509062400","70"
"2017-10-28","1509148800","50"
"2017-10-29","1509235200","56"
"2017-10-30","1509321600","90"
"2017-10-31","1509408000","71"
"2017-11-01","1509494400","75"
"2017-11-02","1509580800","62"
"2017-11-03","1509667200","55"
"2017-11-04","1509753600","26"
"2017-11-05","1509840000","35"
"2017-11-06","1509926400","69"
"2017-11-07","1510012800","73"
"2017-11-08","1510099200","50"
"2017-11-09","1510185600","48"
"2017-11-10","1510272000","67"
"2017-11-11","1510358400","31"
"2017-11-12","1510444800","56"
"2017-11-13","1510531200","69"
"2017-11-14","1510617600","88"
"2017-11-15","1510704000","77"
"2017-11-16","1510790400","88"
"2017-11-17","1510876800","78"
"2017-11-18","1510963200","40"
"2017-11-19","1511049600","46"
"2017-11-20","1511136000","85"
"2017-11-21","1511222400","81"
"2017-11-22","1511308800","75"
"2017-11-23","1511395200","77"
"2017-11-24","1511481600","74"
"2017-11-25","1511568000","55"
"2017-11-26","1511654400","80"
"2017-11-27","1511740800","61"
"2017-11-28","1511827200","73"
"2017-11-29","1511913600","91"
"2017-11-30","1512000000","92"
"2017-12-01","1512086400","79"
"2017-12-02","1512172800","60"
"2017-12-03","1512259200","52"
"2017-12-04","1512345600","55"
"2017-12-05","1512432000","56"
"2017-12-06","1512518400","31"
"2017-12-07","1512604800","46"
"2017-12-08","1512691200","48"
"2017-12-09","1512777600","25"
"2017-12-10","1512864000","70"
"2017-12-11","1512950400","88"
"2017-12-12","1513036800","58"
"2017-12-13","1513123200","91"
"2017-12-14","1513209600","93"
"2017-12-15","1513296000","74"
"2017-12-16","1513382400","42"
"2017-12-17","1513468800","74"
"2017-12-18","1513555200","73"
"2017-12-19","1513641600","83"
"2017-12-20","1513728000","52"
"2017-12-21","1513814400","74"
"2017-12-22","1513900800","50"
"2017-12-23","1513987200","51"
"2017-12-24","1514073600","54"
"2017-12-25","1514160000","81"
"2017-12-26","1514246400","69"
"2017-12-27","1514332800","105"
"2017-12-28","1514419200","81"
"2017-12-29","1514505600","67"
"2017-12-30","1514592000","64"
"2017-12-31","1514678400","56"
"2018-01-01","1514764800","48"
"2018-01-02","1514851200","46"
"2018-01-03","1514937600","58"
"2018-01-04","1515024000","58"
"2018-01-05","1515110400","66"
"2018-01-06","1515196800","53"
"2018-01-07","1515283200","69"
"2018-01-08","1515369600","69"
"2018-01-09","1515456000","76"
"2018-01-10","1515542400","61"
"2018-01-11","1515628800","50"
"2018-01-12","1515715200","93"
"2018-01-13","1515801600","87"
"2018-01-14","1515888000","104"
"2018-01-15","1515974400","69"
"2018-01-16","1516060800","91"
"2018-01-17","1516147200","95"
"2018-01-18","1516233600","99"
"2018-01-19","1516320000","119"
"2018-01-20","1516406400","109"
"2018-01-21","1516492800","65"
"2018-01-22","1516579200","97"
"2018-01-23","1516665600","112"
"2018-01-24","1516752000","119"
"2018-01-25","1516838400","103"
"2018-01-26","1516924800","112"
"2018-01-27","1517011200","90"
"2018-01-28","1517097600","79"
"2018-01-29","1517184000","122"
"2018-01-30","1517270400","161"
"2018-01-31","1517356800","136"
"2018-02-01","1517443200","103"
"2018-02-02","1517529600","129"
"2018-02-03","1517616000","128"
"2018-02-04","1517702400","137"
"2018-02-05","1517788800","163"
"2018-02-06","1517875200","143"
"2018-02-07","1517961600","139"
"2018-02-08","1518048000","138"
"2018-02-09","1518134400","144"
"2018-02-10","1518220800","86"
"2018-02-11","1518307200","97"
"2018-02-12","1518393600","153"
"2018-02-13","1518480000","143"
"2018-02-14","1518566400","177"
"2018-02-15","1518652800","139"
"2018-02-16","1518739200","160"
"2018-02-17","1518825600","90"
"2018-02-18","1518912000","107"
"2018-02-19","1518998400","125"
"2018-02-20","1519084800","150"
"2018-02-21","1519171200","128"
"2018-02-22","1519257600","130"
"2018-02-23","1519344000","117"
"2018-02-24","1519430400","67"
"2018-02-25","1519516800","120"
"2018-02-26","1519603200","207"
"2018-02-27","1519689600","159"
"2018-02-28","1519776000","170"
"2018-03-01","1519862400","123"
"2018-03-02","1519948800","107"
"2018-03-03","1520035200","101"
"2018-03-04","1520121600","125"
"2018-03-05","1520208000","137"
"2018-03-06","1520294400","151"
"2018-03-07","1520380800","124"
"2018-03-08","1520467200","127"
"2018-03-09","1520553600","123"
"2018-03-10","1520640000","114"
"2018-03-11","1520726400","101"
"2018-03-12","1520812800","147"
"2018-03-13","1520899200","137"
"2018-03-14","1520985600","137"
"2018-03-15","1521072000","125"
"2018-03-16","1521158400","137"
"2018-03-17","1521244800","105"
"2018-03-18","1521331200","75"
"2018-03-19","1521417600","138"
"2018-03-20","1521504000","128"
"2018-03-21","1521590400","116"
"2018-03-22","1521676800","112"
"2018-03-23","1521763200","142"
"2018-03-24","1521849600","74"
"2018-03-25","1521936000","73"
"2018-03-26","1522022400","171"
"2018-03-27","1522108800","150"
"2018-03-28","1522195200","172"
"2018-03-29","1522281600","123"
"2018-03-30","1522368000","118"
"2018-03-31","1522454400","91"
"2018-04-01","1522540800","77"
"2018-04-02","1522627200","157"
"2018-04-03","1522713600","185"
"2018-04-04","1522800000","177"
"2018-04-05","1522886400","127"
"2018-04-06","1522972800","135"
"2018-04-07","1523059200","104"
"2018-04-08","1523145600","121"
"2018-04-09","1523232000","178"
"2018-04-10","1523318400","188"
"2018-04-11","1523404800","125"
"2018-04-12","1523491200","144"
"2018-04-13","1523577600","104"
"2018-04-14","1523664000","108"
"2018-04-15","1523750400","131"
"2018-04-16","1523836800","164"
"2018-04-17","1523923200","145"
"2018-04-18","1524009600","128"
"2018-04-19","1524096000","143"
"2018-04-20","1524182400","122"
"2018-04-21","1524268800","73"
"2018-04-22","1524355200","74"
"2018-04-23","1524441600","156"
"2018-04-24","1524528000","158"
"2018-04-25","1524614400","127"
"2018-04-26","1524700800","140"
"2018-04-27","1524787200","130"
"2018-04-28","1524873600","64"
"2018-04-29","1524960000","93"
"2018-04-30","1525046400","148"
"2018-05-01","1525132800","135"
"2018-05-02","1525219200","145"
"2018-05-03","1525305600","129"
"2018-05-04","1525392000","120"
"2018-05-05","1525478400","86"
"2018-05-06","1525564800","100"
"2018-05-07","1525651200","165"
"2018-05-08","1525737600","144"
"2018-05-09","1525824000","97"
"2018-05-10","1525910400","96"
"2018-05-11","1525996800","133"
"2018-05-12","1526083200","84"
"2018-05-13","1526169600","73"
"2018-05-14","1526256000","142"
"2018-05-15","1526342400","139"
"2018-05-16","1526428800","115"
"2018-05-17","1526515200","148"
"2018-05-18","1526601600","126"
"2018-05-19","1526688000","101"
"2018-05-20","1526774400","109"
"2018-05-21","1526860800","175"
"2018-05-22","1526947200","162"
"2018-05-23","1527033600","191"
"2018-05-24","1527120000","139"
"2018-05-25","1527206400","144"
"2018-05-26","1527292800","94"
"2018-05-27","1527379200","101"
"2018-05-28","1527465600","156"
"2018-05-29","1527552000","119"
"2018-05-30","1527638400","146"
"2018-05-31","1527724800","127"
"2018-06-01","1527811200","156"
"2018-06-02","1527897600","94"
"2018-06-03","1527984000","98"
"2018-06-04","1528070400","170"
"2018-06-05","1528156800","158"
"2018-06-06","1528243200","189"
"2018-06-07","1528329600","200"
"2018-06-08","1528416000","159"
"2018-06-09","1528502400","123"
"2018-06-10","1528588800","106"
"2018-06-11","1528675200","213"
"2018-06-12","1528761600","260"
"2018-06-13","1528848000","219"
"2018-06-14","1528934400","232"
"2018-06-15","1529020800","159"
"2018-06-16","1529107200","109"
"2018-06-17","1529193600","90"
"2018-06-18","1529280000","154"
"2018-06-19","1529366400","185"
"2018-06-20","1529452800","207"
"2018-06-21","1529539200","239"
"2018-06-22","1529625600","238"
"2018-06-23","1529712000","122"
"2018-06-24","1529798400","73"
"2018-06-25","1529884800","223"
"2018-06-26","1529971200","226"
"2018-06-27","1530057600","203"
"2018-06-28","1530144000","168"
"2018-06-29","1530230400","162"
"2018-06-30","1530316800","66"
"2018-07-01","1530403200","79"
"2018-07-02","1530489600","109"
"2018-07-03","1530576000","184"
"2018-07-04","1530662400","164"
"2018-07-05","1530748800","263"
"2018-07-06","1530835200","167"
"2018-07-07","1530921600","106"
"2018-07-08","1531008000","129"
"2018-07-09","1531094400","248"
"2018-07-10","1531180800","185"
"2018-07-11","1531267200","196"
"2018-07-12","1531353600","160"
"2018-07-13","1531440000","151"
"2018-07-14","1531526400","56"
"2018-07-15","1531612800","51"
"2018-07-16","1531699200","293"
"2018-07-17","1531785600","237"
"2018-07-18","1531872000","154"
"2018-07-19","1531958400","293"
"2018-07-20","1532044800","247"
"2018-07-21","1532131200","143"
"2018-07-22","1532217600","105"
"2018-07-23","1532304000","158"
"2018-07-24","1532390400","203"
"2018-07-25","1532476800","200"
"2018-07-26","1532563200","157"
"2018-07-27","1532649600","131"
"2018-07-28","1532736000","94"
"2018-07-29","1532822400","141"
"2018-07-30","1532908800","165"
"2018-07-31","1532995200","165"
"2018-08-01","1533081600","151"
"2018-08-02","1533168000","119"
"2018-08-03","1533254400","117"
"2018-08-04","1533340800","106"
"2018-08-05","1533427200","89"
"2018-08-06","1533513600","133"
"2018-08-07","1533600000","126"
"2018-08-08","1533686400","73"
"2018-08-09","1533772800","106"
"2018-08-10","1533859200","122"
"2018-08-11","1533945600","96"
"2018-08-12","1534032000","74"
"2018-08-13","1534118400","120"
"2018-08-14","1534204800","104"
"2018-08-15","1534291200","108"
"2018-08-16","1534377600","120"
"2018-08-17","1534464000","94"
"2018-08-18","1534550400","81"
"2018-08-19","1534636800","103"
"2018-08-20","1534723200","158"
"2018-08-21","1534809600","142"
"2018-08-22","1534896000","106"
"2018-08-23","1534982400","136"
"2018-08-24","1535068800","116"
"2018-08-25","1535155200","91"
"2018-08-26","1535241600","56"
"2018-08-27","1535328000","116"
"2018-08-28","1535414400","141"
"2018-08-29","1535500800","150"
"2018-08-30","1535587200","147"
"2018-08-31","1535673600","168"
"2018-09-01","1535760000","86"
"2018-09-02","1535846400","92"
"2018-09-03","1535932800","156"
"2018-09-04","1536019200","131"
"2018-09-05","1536105600","121"
"2018-09-06","1536192000","144"
"2018-09-07","1536278400","131"
"2018-09-08","1536364800","79"
"2018-09-09","1536451200","100"
"2018-09-10","1536537600","133"
"2018-09-11","1536624000","131"
"2018-09-12","1536710400","117"
"2018-09-13","1536796800","110"
"2018-09-14","1536883200","101"
"2018-09-15","1536969600","67"
"2018-09-16","1537056000","61"
"2018-09-17","1537142400","121"
"2018-09-18","1537228800","122"
"2018-09-19","1537315200","116"
"2018-09-20","1537401600","130"
"2018-09-21","1537488000","112"
"2018-09-22","1537574400","53"
"2018-09-23","1537660800","87"
"2018-09-24","1537747200","111"
"2018-09-25","1537833600","101"
"2018-09-26","1537920000","138"
"2018-09-27","1538006400","116"
"2018-09-28","1538092800","123"
"2018-09-29","1538179200","91"
"2018-09-30","1538265600","99"
"2018-10-01","1538352000","123"
"2018-10-02","1538438400","112"
"2018-10-03","1538524800","99"
"2018-10-04","1538611200","102"
"2018-10-05","1538697600","89"
"2018-10-06","1538784000","63"
"2018-10-07","1538870400","63"
"2018-10-08","1538956800","113"
"2018-10-09","1539043200","120"
"2018-10-10","1539129600","100"
"2018-10-11","1539216000","130"
"2018-10-12","1539302400","93"
"2018-10-13","1539388800","71"
"2018-10-14","1539475200","65"
"2018-10-15","1539561600","136"
"2018-10-16","1539648000","123"
"2018-10-17","1539734400","103"
"2018-10-18","1539820800","97"
"2018-10-19","1539907200","101"
"2018-10-20","1539993600","58"
"2018-10-21","1540080000","63"
"2018-10-22","1540166400","137"
"2018-10-23","1540252800","126"
"2018-10-24","1540339200","132"
"2018-10-25","1540425600","109"
"2018-10-26","1540512000","146"
"2018-10-27","1540598400","71"
"2018-10-28","1540684800","130"
"2018-10-29","1540771200","138"
"2018-10-30","1540857600","159"
"2018-10-31","1540944000","125"
"2018-11-01","1541030400","130"
"2018-11-02","1541116800","135"
"2018-11-03","1541203200","75"
"2018-11-04","1541289600","88"
"2018-11-05","1541376000","144"
"2018-11-06","1541462400","185"
"2018-11-07","1541548800","142"
"2018-11-08","1541635200","148"
"2018-11-09","1541721600","121"
"2018-11-10","1541808000","74"
"2018-11-11","1541894400","62"
"2018-11-12","1541980800","125"
"2018-11-13","1542067200","111"
"2018-11-14","1542153600","115"
"2018-11-15","1542240000","128"
"2018-11-16","1542326400","129"
"2018-11-17","1542412800","81"
"2018-11-18","1542499200","73"
"2018-11-19","1542585600","96"
"2018-11-20","1542672000","85"
"2018-11-21","1542758400","106"
"2018-11-22","1542844800","86"
"2018-11-23","1542931200","68"
"2018-11-24","1543017600","39"
"2018-11-25","1543104000","53"
"2018-11-26","1543190400","109"
"2018-11-27","1543276800","119"
"2018-11-28","1543363200","89"
"2018-11-29","1543449600","90"
"2018-11-30","1543536000","126"
"2018-12-01","1543622400","77"
"2018-12-02","1543708800","61"
"2018-12-03","1543795200","113"
"2018-12-04","1543881600","128"
"2018-12-05","1543968000","99"
"2018-12-06","1544054400","111"
"2018-12-07","1544140800","86"
"2018-12-08","1544227200","64"
"2018-12-09","1544313600","47"
"2018-12-10","1544400000","111"
"2018-12-11","1544486400","73"
"2018-12-12","1544572800","89"
"2018-12-13","1544659200","89"
"2018-12-14","1544745600","111"
"2018-12-15","1544832000","72"
"2018-12-16","1544918400","72"
"2018-12-17","1545004800","140"
"2018-12-18","1545091200","124"
"2018-12-19","1545177600","115"
"2018-12-20","1545264000","80"
"2018-12-21","1545350400","64"
"2018-12-22","1545436800","39"
"2018-12-23","1545523200","26"
"2018-12-24","1545609600","53"
"2018-12-25","1545696000","52"
"2018-12-26","1545782400","73"
"2018-12-27","1545868800","74"
"2018-12-28","1545955200","68"
"2018-12-29","1546041600","47"
"2018-12-30","1546128000","39"
"2018-12-31","1546214400","24"
"2019-01-01","1546300800","47"
"2019-01-02","1546387200","54"
"2019-01-03","1546473600","81"
"2019-01-04","1546560000","69"
"2019-01-05","1546646400","42"
"2019-01-06","1546732800","39"
"2019-01-07","1546819200","80"
"2019-01-08","1546905600","80"
"2019-01-09","1546992000","81"
"2019-01-10","1547078400","79"
"2019-01-11","1547164800","70"
"2019-01-12","1547251200","51"
"2019-01-13","1547337600","34"
"2019-01-14","1547424000","81"
"2019-01-15","1547510400","75"
"2019-01-16","1547596800","59"
"2019-01-17","1547683200","78"
"2019-01-18","1547769600","57"
"2019-01-19","1547856000","64"
"2019-01-20","1547942400","38"
"2019-01-21","1548028800","91"
"2019-01-22","1548115200","72"
"2019-01-23","1548201600","113"
"2019-01-24","1548288000","60"
"2019-01-25","1548374400","66"
"2019-01-26","1548460800","51"
"2019-01-27","1548547200","43"
"2019-01-28","1548633600","86"
"2019-01-29","1548720000","72"
"2019-01-30","1548806400","69"
"2019-01-31","1548892800","63"
"2019-02-01","1548979200","58"
"2019-02-02","1549065600","34"
"2019-02-03","1549152000","38"
"2019-02-04","1549238400","64"
"2019-02-05","1549324800","75"
"2019-02-06","1549411200","49"
"2019-02-07","1549497600","60"
"2019-02-08","1549584000","62"
"2019-02-09","1549670400","30"
"2019-02-10","1549756800","45"
"2019-02-11","1549843200","73"
"2019-02-12","1549929600","72"
"2019-02-13","1550016000","69"
"2019-02-14","1550102400","66"
"2019-02-15","1550188800","83"
"2019-02-16","1550275200","34"
"2019-02-17","1550361600","42"
"2019-02-18","1550448000","67"
"2019-02-19","1550534400","159"
"2019-02-20","1550620800","62"
"2019-02-21","1550707200","107"
"2019-02-22","1550793600","103"
"2019-02-23","1550880000","45"
"2019-02-24","1550966400","78"
"2019-02-25","1551052800","86"
"2019-02-26","1551139200","79"
"2019-02-27","1551225600","43"
"2019-02-28","1551312000","68"
"2019-03-01","1551398400","100"
"2019-03-02","1551484800","37"
"2019-03-03","1551571200","44"
"2019-03-04","1551657600","73"
"2019-03-05","1551744000","77"
"2019-03-06","1551830400","76"
"2019-03-07","1551916800","61"
"2019-03-08","1552003200","50"
"2019-03-09","1552089600","41"
"2019-03-10","1552176000","54"
"2019-03-11","1552262400","87"
"2019-03-12","1552348800","57"
"2019-03-13","1552435200","84"
"2019-03-14","1552521600","76"
"2019-03-15","1552608000","81"
"2019-03-16","1552694400","46"
"2019-03-17","1552780800","38"
"2019-03-18","1552867200","93"
"2019-03-19","1552953600","57"
"2019-03-20","1553040000","88"
"2019-03-21","1553126400","92"
"2019-03-22","1553212800","82"
"2019-03-23","1553299200","46"
"2019-03-24","1553385600","42"
"2019-03-25","1553472000","77"
"2019-03-26","1553558400","68"
"2019-03-27","1553644800","82"
"2019-03-28","1553731200","85"
"2019-03-29","1553817600","76"
"2019-03-30","1553904000","23"
"2019-03-31","1553990400","53"
"2019-04-01","1554076800","104"
"2019-04-02","1554163200","72"
"2019-04-03","1554249600","69"
"2019-04-04","1554336000","69"
"2019-04-05","1554422400","76"
"2019-04-06","1554508800","23"
"2019-04-07","1554595200","35"
"2019-04-08","1554681600","85"
"2019-04-09","1554768000","52"
"2019-04-10","1554854400","65"
"2019-04-11","1554940800","92"
"2019-04-12","1555027200","71"
"2019-04-13","1555113600","47"
"2019-04-14","1555200000","28"
"2019-04-15","1555286400","96"
"2019-04-16","1555372800","84"
"2019-04-17","1555459200","88"
"2019-04-18","1555545600","80"
"2019-04-19","1555632000","68"
"2019-04-20","1555718400","47"
"2019-04-21","1555804800","33"
"2019-04-22","1555891200","79"
"2019-04-23","1555977600","93"
"2019-04-24","1556064000","63"
"2019-04-25","1556150400","75"
"2019-04-26","1556236800","75"
"2019-04-27","1556323200","34"
"2019-04-28","1556409600","28"
"2019-04-29","1556496000","79"
"2019-04-30","1556582400","90"
"2019-05-01","1556668800","47"
"2019-05-02","1556755200","98"
"2019-05-03","1556841600","61"
"2019-05-04","1556928000","32"
"2019-05-05","1557014400","43"
"2019-05-06","1557100800","68"
"2019-05-07","1557187200","95"
"2019-05-08","1557273600","69"
"2019-05-09","1557360000","115"
"2019-05-10","1557446400","66"
"2019-05-11","1557532800","36"
"2019-05-12","1557619200","20"
"2019-05-13","1557705600","70"
"2019-05-14","1557792000","55"
"2019-05-15","1557878400","72"
"2019-05-16","1557964800","56"
"2019-05-17","1558051200","56"
"2019-05-18","1558137600","40"
"2019-05-19","1558224000","36"
"2019-05-20","1558310400","95"
"2019-05-21","1558396800","71"
"2019-05-22","1558483200","68"
"2019-05-23","1558569600","93"
"2019-05-24","1558656000","68"
"2019-05-25","1558742400","54"
"2019-05-26","1558828800","30"
"2019-05-27","1558915200","67"
"2019-05-28","1559001600","69"
"2019-05-29","1559088000","86"
"2019-05-30","1559174400","69"
"2019-05-31","1559260800","84"
"2019-06-01","1559347200","29"
"2019-06-02","1559433600","31"
"2019-06-03","1559520000","51"
"2019-06-04","1559606400","137"
"2019-06-05","1559692800","70"
"2019-06-06","1559779200","61"
"2019-06-07","1559865600","50"
"2019-06-08","1559952000","23"
"2019-06-09","1560038400","33"
"2019-06-10","1560124800","88"
"2019-06-11","1560211200","68"
"2019-06-12","1560297600","97"
"2019-06-13","1560384000","72"
"2019-06-14","1560470400","82"
"2019-06-15","1560556800","47"
"2019-06-16","1560643200","25"
"2019-06-17","1560729600","77"
"2019-06-18","1560816000","84"
"2019-06-19","1560902400","68"
"2019-06-20","1560988800","62"
"2019-06-21","1561075200","75"
"2019-06-22","1561161600","40"
"2019-06-23","1561248000","61"
"2019-06-24","1561334400","67"
"2019-06-25","1561420800","61"
"2019-06-26","1561507200","75"
"2019-06-27","1561593600","88"
"2019-06-28","1561680000","81"
"2019-06-29","1561766400","60"
"2019-06-30","1561852800","34"
"2019-07-01","1561939200","73"
"2019-07-02","1562025600","78"
"2019-07-03","1562112000","87"
"2019-07-04","1562198400","73"
"2019-07-05","1562284800","57"
"2019-07-06","1562371200","45"
"2019-07-07","1562457600","37"
"2019-07-08","1562544000","77"
"2019-07-09","1562630400","86"
"2019-07-10","1562716800","81"
"2019-07-11","1562803200","84"
"2019-07-12","1562889600","92"
"2019-07-13","1562976000","39"
"2019-07-14","1563062400","57"
"2019-07-15","1563148800","63"
"2019-07-16","1563235200","55"
"2019-07-17","1563321600","87"
"2019-07-18","1563408000","97"
"2019-07-19","1563494400","112"
"2019-07-20","1563580800","56"
"2019-07-21","1563667200","36"
"2019-07-22","1563753600","81"
"2019-07-23","1563840000","69"
"2019-07-24","1563926400","56"
"2019-07-25","1564012800","74"
"2019-07-26","1564099200","72"
"2019-07-27","1564185600","42"
"2019-07-28","1564272000","29"
"2019-07-29","1564358400","69"
"2019-07-30","1564444800","57"
"2019-07-31","1564531200","77"
"2019-08-01","1564617600","75"
"2019-08-02","1564704000","65"
"2019-08-03","1564790400","41"
"2019-08-04","1564876800","38"
"2019-08-05","1564963200","93"
"2019-08-06","1565049600","91"
"2019-08-07","1565136000","65"
"2019-08-08","1565222400","86"
"2019-08-09","1565308800","72"
"2019-08-10","1565395200","66"
"2019-08-11","1565481600","37"
"2019-08-12","1565568000","66"
"2019-08-13","1565654400","95"
"2019-08-14","1565740800","83"
"2019-08-15","1565827200","79"
"2019-08-16","1565913600","85"
"2019-08-17","1566000000","44"
"2019-08-18","1566086400","37"
"2019-08-19","1566172800","67"
"2019-08-20","1566259200","64"
"2019-08-21","1566345600","79"
"2019-08-22","1566432000","90"
"2019-08-23","1566518400","67"
"2019-08-24","1566604800","51"
"2019-08-25","1566691200","27"
"2019-08-26","1566777600","71"
"2019-08-27","1566864000","69"
"2019-08-28","1566950400","84"
"2019-08-29","1567036800","119"
"2019-08-30","1567123200","48"
"2019-08-31","1567209600","37"
"2019-09-01","1567296000","28"
"2019-09-02","1567382400","60"
"2019-09-03","1567468800","85"
"2019-09-04","1567555200","68"
"2019-09-05","1567641600","72"
"2019-09-06","1567728000","80"
"2019-09-07","1567814400","40"
"2019-09-08","1567900800","34"
"2019-09-09","1567987200","68"
"2019-09-10","1568073600","55"
"2019-09-11","1568160000","68"
"2019-09-12","1568246400","40"
"2019-09-13","1568332800","44"
"2019-09-14","1568419200","31"
"2019-09-15","1568505600","27"
"2019-09-16","1568592000","63"
"2019-09-17","1568678400","62"
"2019-09-18","1568764800","78"
"2019-09-19","1568851200","48"
"2019-09-20","1568937600","60"
"2019-09-21","1569024000","53"
"2019-09-22","1569110400","42"
"2019-09-23","1569196800","65"
"2019-09-24","1569283200","71"
"2019-09-25","1569369600","54"
"2019-09-26","1569456000","86"
"2019-09-27","1569542400","73"
"2019-09-28","1569628800","33"
"2019-09-29","1569715200","45"
"2019-09-30","1569801600","59"
"2019-10-01","1569888000","63"
"2019-10-02","1569974400","71"
"2019-10-03","1570060800","62"
"2019-10-04","1570147200","58"
"2019-10-05","1570233600","50"
"2019-10-06","1570320000","46"
"2019-10-07","1570406400","69"
"2019-10-08","1570492800","84"
"2019-10-09","1570579200","73"
"2019-10-10","1570665600","75"
"2019-10-11","1570752000","76"
"2019-10-12","1570838400","72"
"2019-10-13","1570924800","55"
"2019-10-14","1571011200","96"
"2019-10-15","1571097600","134"
"2019-10-16","1571184000","81"
"2019-10-17","1571270400","71"
"2019-10-18","1571356800","76"
"2019-10-19","1571443200","36"
"2019-10-20","1571529600","28"
"2019-10-21","1571616000","98"
"2019-10-22","1571702400","115"
"2019-10-23","1571788800","85"
"2019-10-24","1571875200","93"
"2019-10-25","1571961600","79"
"2019-10-26","1572048000","50"
"2019-10-27","1572134400","74"
"2019-10-28","1572220800","78"
"2019-10-29","1572307200","64"
"2019-10-30","1572393600","92"
"2019-10-31","1572480000","87"
"2019-11-01","1572566400","68"
"2019-11-02","1572652800","67"
"2019-11-03","1572739200","33"
"2019-11-04","1572825600","82"
"2019-11-05","1572912000","60"
"2019-11-06","1572998400","86"
"2019-11-07","1573084800","86"
"2019-11-08","1573171200","89"
"2019-11-09","1573257600","39"
"2019-11-10","1573344000","42"
"2019-11-11","1573430400","90"
"2019-11-12","1573516800","75"
"2019-11-13","1573603200","69"
"2019-11-14","1573689600","115"
"2019-11-15","1573776000","95"
"2019-11-16","1573862400","55"
"2019-11-17","1573948800","45"
"2019-11-18","1574035200","114"
"2019-11-19","1574121600","89"
"2019-11-20","1574208000","87"
"2019-11-21","1574294400","75"
"2019-11-22","1574380800","68"
"2019-11-23","1574467200","56"
"2019-11-24","1574553600","33"
"2019-11-25","1574640000","77"
"2019-11-26","1574726400","65"
"2019-11-27","1574812800","86"
"2019-11-28","1574899200","73"
"2019-11-29","1574985600","79"
"2019-11-30","1575072000","29"
"2019-12-01","1575158400","45"
"2019-12-02","1575244800","90"
"2019-12-03","1575331200","77"
"2019-12-04","1575417600","44"
"2019-12-05","1575504000","105"
"2019-12-06","1575590400","70"
"2019-12-07","1575676800","33"
"2019-12-08","1575763200","43"
"2019-12-09","1575849600","64"
"2019-12-10","1575936000","70"
"2019-12-11","1576022400","71"
"2019-12-12","1576108800","87"
"2019-12-13","1576195200","189"
"2019-12-14","1576281600","117"
"2019-12-15","1576368000","32"
"2019-12-16","1576454400","76"
"2019-12-17","1576540800","167"
"2019-12-18","1576627200","83"
"2019-12-19","1576713600","91"
"2019-12-20","1576800000","50"
"2019-12-21","1576886400","50"
"2019-12-22","1576972800","28"
"2019-12-23","1577059200","80"
"2019-12-24","1577145600","45"
"2019-12-25","1577232000","32"
"2019-12-26","1577318400","62"
"2019-12-27","1577404800","69"
"2019-12-28","1577491200","32"
"2019-12-29","1577577600","22"
"2019-12-30","1577664000","44"
"2019-12-31","1577750400","45"
"2020-01-01","1577836800","29"
"2020-01-02","1577923200","60"
"2020-01-03","1578009600","53"
"2020-01-04","1578096000","37"
"2020-01-05","1578182400","16"
"2020-01-06","1578268800","39"
"2020-01-07","1578355200","82"
"2020-01-08","1578441600","88"
"2020-01-09","1578528000","58"
"2020-01-10","1578614400","51"
"2020-01-11","1578700800","32"
"2020-01-12","1578787200","15"
"2020-01-13","1578873600","92"
"2020-01-14","1578960000","72"
"2020-01-15","1579046400","88"
"2020-01-16","1579132800","74"
"2020-01-17","1579219200","46"
"2020-01-18","1579305600","27"
"2020-01-19","1579392000","29"
"2020-01-20","1579478400","76"
"2020-01-21","1579564800","69"
"2020-01-22","1579651200","86"
"2020-01-23","1579737600","54"
"2020-01-24","1579824000","40"
"2020-01-25","1579910400","43"
"2020-01-26","1579996800","45"
"2020-01-27","1580083200","50"
"2020-01-28","1580169600","74"
"2020-01-29","1580256000","58"
"2020-01-30","1580342400","88"
"2020-01-31","1580428800","43"
"2020-02-01","1580515200","52"
"2020-02-02","1580601600","50"
"2020-02-03","1580688000","51"
"2020-02-04","1580774400","100"
"2020-02-05","1580860800","67"
"2020-02-06","1580947200","65"
"2020-02-07","1581033600","78"
"2020-02-08","1581120000","36"
"2020-02-09","1581206400","27"
"2020-02-10","1581292800","92"
"2020-02-11","1581379200","76"
"2020-02-12","1581465600","72"
"2020-02-13","1581552000","77"
"2020-02-14","1581638400","69"
"2020-02-15","1581724800","41"
"2020-02-16","1581811200","46"
"2020-02-17","1581897600","89"
"2020-02-18","1581984000","70"
"2020-02-19","1582070400","91"
"2020-02-20","1582156800","101"
"2020-02-21","1582243200","43"
"2020-02-22","1582329600","38"
"2020-02-23","1582416000","25"
"2020-02-24","1582502400","83"
"2020-02-25","1582588800","79"
"2020-02-26","1582675200","85"
"2020-02-27","1582761600","72"
"2020-02-28","1582848000","48"
"2020-02-29","1582934400","50"
"2020-03-01","1583020800","59"
"2020-03-02","1583107200","65"
"2020-03-03","1583193600","73"
"2020-03-04","1583280000","78"
"2020-03-05","1583366400","70"
"2020-03-06","1583452800","55"
"2020-03-07","1583539200","44"
"2020-03-08","1583625600","59"
"2020-03-09","1583712000","58"
"2020-03-10","1583798400","90"
"2020-03-11","1583884800","61"
"2020-03-12","1583971200","19"
"2020-03-13","1584057600","44"
"2020-03-14","1584144000","61"
"2020-03-15","1584230400","38"
"2020-03-16","1584316800","80"
"2020-03-17","1584403200","70"
"2020-03-18","1584489600","62"
"2020-03-19","1584576000","70"
"2020-03-20","1584662400","61"
"2020-03-21","1584748800","32"
"2020-03-22","1584835200","67"
"2020-03-23","1584921600","64"
"2020-03-24","1585008000","63"
"2020-03-25","1585094400","74"
"2020-03-26","1585180800","79"
"2020-03-27","1585267200","86"
"2020-03-28","1585353600","90"
"2020-03-29","1585440000","54"
"2020-03-30","1585526400","90"
"2020-03-31","1585612800","109"
"2020-04-01","1585699200","81"
"2020-04-02","1585785600","87"
"2020-04-03","1585872000","71"
"2020-04-04","1585958400","34"
"2020-04-05","1586044800","32"
"2020-04-06","1586131200","70"
"2020-04-07","1586217600","97"
"2020-04-08","1586304000","110"
"2020-04-09","1586390400","72"
"2020-04-10","1586476800","54"
"2020-04-11","1586563200","38"
"2020-04-12","1586649600","40"
"2020-04-13","1586736000","64"
"2020-04-14","1586822400","86"
"2020-04-15","1586908800","59"
"2020-04-16","1586995200","69"
"2020-04-17","1587081600","103"
"2020-04-18","1587168000","71"
"2020-04-19","1587254400","72"
"2020-04-20","1587340800","48"
"2020-04-21","1587427200","106"
"2020-04-22","1587513600","85"
"2020-04-23","1587600000","67"
"2020-04-24","1587686400","80"
"2020-04-25","1587772800","43"
"2020-04-26","1587859200","56"
"2020-04-27","1587945600","109"
"2020-04-28","1588032000","123"
"2020-04-29","1588118400","67"
"2020-04-30","1588204800","96"
"2020-05-01","1588291200","62"
"2020-05-02","1588377600","45"
"2020-05-03","1588464000","43"
"2020-05-04","1588550400","58"
"2020-05-05","1588636800","64"
"2020-05-06","1588723200","86"
"2020-05-07","1588809600","80"
"2020-05-08","1588896000","86"
"2020-05-09","1588982400","46"
"2020-05-10","1589068800","55"
"2020-05-11","1589155200","76"
"2020-05-12","1589241600","76"
"2020-05-13","1589328000","72"
"2020-05-14","1589414400","73"
"2020-05-15","1589500800","79"
"2020-05-16","1589587200","61"
"2020-05-17","1589673600","54"
"2020-05-18","1589760000","64"
"2020-05-19","1589846400","76"
"2020-05-20","1589932800","83"
"2020-05-21","1590019200","66"
"2020-05-22","1590105600","52"
"2020-05-23","1590192000","58"
"2020-05-24","1590278400","43"
"2020-05-25","1590364800","66"
"2020-05-26","1590451200","61"
"2020-05-27","1590537600","74"
"2020-05-28","1590624000","102"
"2020-05-29","1590710400","68"
"2020-05-30","1590796800","72"
"2020-05-31","1590883200","56"
"2020-06-01","1590969600","94"
"2020-06-02","1591056000","73"
"2020-06-03","1591142400","102"
"2020-06-04","1591228800","77"
"2020-06-05","1591315200","85"
"2020-06-06","1591401600","39"
"2020-06-07","1591488000","43"
"2020-06-08","1591574400","87"
"2020-06-09","1591660800","91"
"2020-06-10","1591747200","65"
"2020-06-11","1591833600","84"
"2020-06-12","1591920000","77"
"2020-06-13","1592006400","64"
"2020-06-14","1592092800","31"
"2020-06-15","1592179200","79"
"2020-06-16","1592265600","96"
"2020-06-17","1592352000","93"
"2020-06-18","1592438400","96"
"2020-06-19","1592524800","75"
"2020-06-20","1592611200","55"
"2020-06-21","1592697600","49"
"2020-06-22","1592784000","69"
"2020-06-23","1592870400","81"
"2020-06-24","1592956800","83"
"2020-06-25","1593043200","88"
"2020-06-26","1593129600","65"
"2020-06-27","1593216000","58"
"2020-06-28","1593302400","51"
"2020-06-29","1593388800","95"
"2020-06-30","1593475200","121"
"2020-07-01","1593561600","107"
"2020-07-02","1593648000","102"
"2020-07-03","1593734400","68"
"2020-07-04","1593820800","79"
"2020-07-05","1593907200","73"
"2020-07-06","1593993600","100"
"2020-07-07","1594080000","88"
"2020-07-08","1594166400","86"
"2020-07-09","1594252800","101"
"2020-07-10","1594339200","87"
"2020-07-11","1594425600","74"
"2020-07-12","1594512000","70"
"2020-07-13","1594598400","81"
"2020-07-14","1594684800","107"
"2020-07-15","1594771200","61"
"2020-07-16","1594857600","86"
"2020-07-17","1594944000","107"
"2020-07-18","1595030400","46"
"2020-07-19","1595116800","63"
"2020-07-20","1595203200","95"
"2020-07-21","1595289600","72"
"2020-07-22","1595376000","86"
"2020-07-23","1595462400","92"
"2020-07-24","1595548800","94"
"2020-07-25","1595635200","56"
"2020-07-26","1595721600","63"
"2020-07-27","1595808000","108"
"2020-07-28","1595894400","109"
"2020-07-29","1595980800","93"
"2020-07-30","1596067200","108"
"2020-07-31","1596153600","145"
"2020-08-01","1596240000","108"
"2020-08-02","1596326400","98"
"2020-08-03","1596412800","130"
"2020-08-04","1596499200","128"
"2020-08-05","1596585600","145"
"2020-08-06","1596672000","167"
"2020-08-07","1596758400","96"
"2020-08-08","1596844800","68"
"2020-08-09","1596931200","62"
"2020-08-10","1597017600","106"
"2020-08-11","1597104000","129"
"2020-08-12","1597190400","103"
"2020-08-13","1597276800","116"
"2020-08-14","1597363200","81"
"2020-08-15","1597449600","107"
"2020-08-16","1597536000","79"
"2020-08-17","1597622400","141"
"2020-08-18","1597708800","127"
"2020-08-19","1597795200","145"
"2020-08-20","1597881600","129"
"2020-08-21","1597968000","126"
"2020-08-22","1598054400","106"
"2020-08-23","1598140800","111"
"2020-08-24","1598227200","150"
"2020-08-25","1598313600","171"
"2020-08-26","1598400000","195"
"2020-08-27","1598486400","187"
"2020-08-28","1598572800","169"
"2020-08-29","1598659200","118"
"2020-08-30","1598745600","92"
"2020-08-31","1598832000","189"
"2020-09-01","1598918400","178"
"2020-09-02","1599004800","207"
"2020-09-03","1599091200","238"
"2020-09-04","1599177600","254"
"2020-09-05","1599264000","172"
"2020-09-06","1599350400","176"
"2020-09-07","1599436800","253"
"2020-09-08","1599523200","248"
"2020-09-09","1599609600","292"
"2020-09-10","1599696000","201"
"2020-09-11","1599782400","246"
"2020-09-12","1599868800","168"
"2020-09-13","1599955200","161"
"2020-09-14","1600041600","195"
"2020-09-15","1600128000","244"
"2020-09-16","1600214400","212"
"2020-09-17","1600300800","102"
"2020-09-18","1600387200","229"
"2020-09-19","1600473600","242"
"2020-09-20","1600560000","185"
"2020-09-21","1600646400","272"
"2020-09-22","1600732800","252"
"2020-09-23","1600819200","282"
"2020-09-24","1600905600","309"
"2020-09-25","1600992000","249"
"2020-09-26","1601078400","234"
"2020-09-27","1601164800","185"
"2020-09-28","1601251200","244"
"2020-09-29","1601337600","247"
"2020-09-30","1601424000","302"
"2020-10-01","1601510400","285"
"2020-10-02","1601596800","206"
"2020-10-03","1601683200","236"
"2020-10-04","1601769600","200"
"2020-10-05","1601856000","225"
"2020-10-06","1601942400","218"
"2020-10-07","1602028800","260"
"2020-10-08","1602115200","241"
"2020-10-09","1602201600","265"
"2020-10-10","1602288000","192"
"2020-10-11","1602374400","228"
"2020-10-12","1602460800","267"
"2020-10-13","1602547200","265"
"2020-10-14","1602633600","293"
"2020-10-15","1602720000","297"
"2020-10-16","1602806400","296"
"2020-10-17","1602892800","265"
"2020-10-18","1602979200","234"
"2020-10-19","1603065600","279"
"2020-10-20","1603152000","356"
"2020-10-21","1603238400","351"
"2020-10-22","1603324800","367"
"2020-10-23","1603411200","370"
"2020-10-24","1603497600","320"
"2020-10-25","1603584000","309"
"2020-10-26","1603670400","353"
"2020-10-27","1603756800","340"
"2020-10-28","1603843200","276"
"2020-10-29","1603929600","387"
"2020-10-30","1604016000","268"
"2020-10-31","1604102400","226"
"2020-11-01","1604188800","272"
"2020-11-02","1604275200","297"
"2020-11-03","1604361600","338"
"2020-11-04","1604448000","357"
"2020-11-05","1604534400","298"
"2020-11-06","1604620800","291"
"2020-11-07","1604707200","156"
"2020-11-08","1604793600","290"
"2020-11-09","1604880000","309"
"2020-11-10","1604966400","314"
"2020-11-11","1605052800","224"
"2020-11-12","1605139200","347"
"2020-11-13","1605225600","245"
"2020-11-14","1605312000","246"
"2020-11-15","1605398400","227"
"2020-11-16","1605484800","264"
"2020-11-17","1605571200","262"
"2020-11-18","1605657600","296"
"2020-11-19","1605744000","257"
"2020-11-20","1605830400","205"
"2020-11-21","1605916800","153"
"2020-11-22","1606003200","158"
"2020-11-23","1606089600","206"
"2020-11-24","1606176000","211"
"2020-11-25","1606262400","229"
"2020-11-26","1606348800","185"
"2020-11-27","1606435200","245"
"2020-11-28","1606521600","225"
"2020-11-29","1606608000","211"
"2020-11-30","1606694400","224"
"2020-12-01","1606780800","289"
"2020-12-02","1606867200","349"
"2020-12-03","1606953600","256"
"2020-12-04","1607040000","228"
"2020-12-05","1607126400","158"
"2020-12-06","1607212800","193"
"2020-12-07","1607299200","239"
"2020-12-08","1607385600","174"
"2020-12-09","1607472000","182"
"2020-12-10","1607558400","251"
"2020-12-11","1607644800","229"
"2020-12-12","1607731200","170"
"2020-12-13","1607817600","171"
"2020-12-14","1607904000","238"
"2020-12-15","1607990400","245"
"2020-12-16","1608076800","370"
"2020-12-17","1608163200","219"
"2020-12-18","1608249600","269"
"2020-12-19","1608336000","182"
"2020-12-20","1608422400","192"
"2020-12-21","1608508800","231"
"2020-12-22","1608595200","224"
"2020-12-23","1608681600","195"
"2020-12-24","1608768000","217"
"2020-12-25","1608854400","132"
"2020-12-26","1608940800","104"
"2020-12-27","1609027200","154"
"2020-12-28","1609113600","151"
"2020-12-29","1609200000","226"
"2020-12-30","1609286400","168"
"2020-12-31","1609372800","203"
"2021-01-01","1609459200","74"
"2021-01-02","1609545600","116"
"2021-01-03","1609632000","107"
"2021-01-04","1609718400","117"
"2021-01-05","1609804800","153"
"2021-01-06","1609891200","139"
"2021-01-07","1609977600","184"
"2021-01-08","1610064000","136"
"2021-01-09","1610150400","176"
"2021-01-10","1610236800","148"
"2021-01-11","1610323200","168"
"2021-01-12","1610409600","195"
"2021-01-13","1610496000","273"
"2021-01-14","1610582400","180"
"2021-01-15","1610668800","203"
"2021-01-16","1610755200","158"
"2021-01-17","1610841600","130"
"2021-01-18","1610928000","161"
"2021-01-19","1611014400","189"
"2021-01-20","1611100800","198"
"2021-01-21","1611187200","152"
"2021-01-22","1611273600","208"
"2021-01-23","1611360000","135"
"2021-01-24","1611446400","146"
"2021-01-25","1611532800","142"
"2021-01-26","1611619200","286"
"2021-01-27","1611705600","209"
"2021-01-28","1611792000","166"
"2021-01-29","1611878400","164"
"2021-01-30","1611964800","130"
"2021-01-31","1612051200","116"
"2021-02-01","1612137600","148"
"2021-02-02","1612224000","200"
"2021-02-03","1612310400","143"
"2021-02-04","1612396800","131"
"2021-02-05","1612483200","144"
"2021-02-06","1612569600","115"
"2021-02-07","1612656000","163"
"2021-02-08","1612742400","99"
"2021-02-09","1612828800","127"
"2021-02-10","1612915200","100"
"2021-02-11","1613001600","119"
"2021-02-12","1613088000","106"
"2021-02-13","1613174400","75"
"2021-02-14","1613260800","103"
"2021-02-15","1613347200","129"
"2021-02-16","1613433600","118"
"2021-02-17","1613520000","123"
"2021-02-18","1613606400","194"
"2021-02-19","1613692800","143"
"2021-02-20","1613779200","73"
"2021-02-21","1613865600","107"
"2021-02-22","1613952000","88"
"2021-02-23","1614038400","152"
"2021-02-24","1614124800","200"
"2021-02-25","1614211200","160"
"2021-02-26","1614297600","152"
"2021-02-27","1614384000","145"
"2021-02-28","1614470400","97"
"2021-03-01","1614556800","125"
"2021-03-02","1614643200","160"
"2021-03-03","1614729600","161"
"2021-03-04","1614816000","167"
"2021-03-05","1614902400","99"
"2021-03-06","1614988800","86"
"2021-03-07","1615075200","99"
"2021-03-08","1615161600","219"
"2021-03-09","1615248000","102"
"2021-03-10","1615334400","166"
"2021-03-11","1615420800","131"
"2021-03-12","1615507200","89"
"2021-03-13","1615593600","69"
"2021-03-14","1615680000","96"
"2021-03-15","1615766400","111"
"2021-03-16","1615852800","86"
"2021-03-17","1615939200","136"
"2021-03-18","1616025600","153"
"2021-03-19","1616112000","146"
"2021-03-20","1616198400","95"
"2021-03-21","1616284800","114"
"2021-03-22","1616371200","200"
"2021-03-23","1616457600","186"
"2021-03-24","1616544000","139"
"2021-03-25","1616630400","207"
"2021-03-26","1616716800","156"
"2021-03-27","1616803200","122"
"2021-03-28","1616889600","138"
"2021-03-29","1616976000","143"
"2021-03-30","1617062400","182"
"2021-03-31","1617148800","174"
"2021-04-01","1617235200","143"
"2021-04-02","1617321600","165"
"2021-04-03","1617408000","118"
"2021-04-04","1617494400","121"
"2021-04-05","1617580800","136"
